No.;Time;Comment;Scramble;Date;P.1
1;37.09;;B L U L D R F' U2 D' R2 F D2 B2 L2 U2 D2 F D2 B2 R2 F;2019-03-04 21:43:08;37.09
2;36.59;;U L' R2 B2 D L2 R2 D' B2 F2 D B2 D' U' R' D2 R' D2 F D';2019-03-04 21:44:27;36.59
3;48.83;;R' B' U' F2 L2 B L' B2 D2 B R2 F2 L2 B L2 D2 L2 U2 F' R';2019-03-04 21:46:08;48.83
4;41.90;;D2 L2 F2 L2 U' B D' L' D2 F2 D2 B R2 L2 F' R2 B U2 R2 D';2019-03-04 21:47:40;41.90
5;42.64;;F' D L U2 L F R L2 U' R2 U D2 F2 R2 U' R2 D B2 U;2019-03-04 21:49:19;42.64
6;40.07;;U2 L2 D2 L D2 R' U2 R F2 R' B2 D2 F D2 B' D U' B' R' D B;2019-03-04 21:50:59;40.07
7;54.22;;F2 U2 F2 U F2 R2 B2 U' L2 R2 D' F L' B2 U' B L D2 U2 R' U2;2019-03-04 21:54:04;54.22
8;39.33;;D L2 U2 D' F' U R' D' F' L2 D2 B' U2 B U2 D2 B L2 U2;2019-03-04 22:13:42;39.33
9;43.83;;B2 U' R2 U' B' D R F U2 L2 D L2 D B2 U F2 U L2 U' R2;2019-03-04 22:15:23;43.83
10;44.30;;D' B2 R' D' R2 U L' U' R2 U2 R2 F' L2 F U2 D2 F2 L2 D2 B;2019-03-04 22:16:57;44.30
11;50.30;;L R2 B2 R2 D2 L2 U2 R2 F L2 B' D2 U' B F U2 L R B';2019-03-04 22:18:38;50.30
12;39.97;;F' D F U R D2 L2 F' U L' F2 U2 L U2 B2 L U2 F2 U2;2019-03-04 22:20:01;39.97
13;40.80;;L2 D2 R2 D L2 U F2 L2 U L2 F' D2 L R' U L2 D2 B R F';2019-03-04 22:21:25;40.80
14;32.77;;B D2 F' L2 B' D2 B' U2 F D2 F D' R B U2 L2 R U2 F2 D';2019-03-04 22:24:50;32.77
15;46.34;;D' L' D' L2 F2 R2 D2 B L2 R2 D2 B F D2 R B D2 L' B L U';2019-03-04 22:27:06;46.34
16;40.60;;U2 F2 U B2 U L2 B2 D2 R2 U F2 U2 F D' U2 B F' R B' F' R2;2019-03-04 22:29:16;40.60
17;45.34;;R2 U2 R2 D B2 D F2 D F2 D B2 R2 F' R' B R' B2 U B2 L' R;2019-03-04 22:32:29;45.34
18;43.67;;F' B R F2 D' L F L2 D' L U2 R2 F D2 B2 U2 F D2 R2 D2;2019-03-04 22:36:19;43.67
19;35.69;;R' B R2 B2 F2 D F2 U R2 D' R2 B2 D U' B' L2 R' U2 F2 U B';2019-03-04 22:37:57;35.69
20;34.56;;R' F L F' U' D' B' D2 L' R2 D' L2 D F2 R2 B2 D2 B2;2019-03-04 22:39:37;34.56
21;42.09;;F D L B' U2 D R' D R2 B2 D' L2 U2 L2 D' F2 B2 U' R;2019-03-04 22:41:34;42.09
22;40.33;;R B2 U B2 U2 B2 L2 U' B2 D L2 D' B' L B R B' F L' B' R;2019-03-04 22:46:13;40.33
23;37.27;;U' R2 U B2 U F2 R2 B2 U F2 R2 U' B L2 B' D' L B R D R';2019-03-04 22:49:06;37.27
24;43.83;;L2 R2 U' F2 U2 B2 U B2 R2 F2 D' L' F' D U F D U B2 F';2019-03-04 22:50:55;43.83
25;38.49;;U' R2 L' F' D2 B' U B' R U2 B2 U2 R2 L' F2 B2 U2 F2 L U;2019-03-04 22:53:28;38.49
26;36.06;;U' B' U D' L B U' F R2 U F2 B2 U' F2 R2 B2 D2 B2 U';2019-03-04 22:55:01;36.06
27;46.73;;F D2 B' R' U F' R B2 L2 D2 F U2 D2 F' U2 F' L2 F' R' D;2019-03-04 23:06:49;46.73
28;40.19;;F' U' R2 U' L2 U R2 U2 B2 R2 F2 L' B D U F' U' R F' D2;2019-03-04 23:09:53;40.19
29;28.86;;F' R2 F' L2 F U2 B2 F' U2 F2 R' B2 D2 L' F D U R2 B';2019-03-04 23:11:12;28.86
30;41.27;;L' R2 B2 L2 B F2 R2 D2 R2 D2 F' R2 L' F' D' F U' B2 L2 F2 L2;2019-03-04 23:13:26;41.27
31;34.36;;R' F D2 R2 B' R2 B2 F R2 F R2 D2 F D' L' B' D R F2 U2 B2;2019-03-04 23:16:30;34.36
32;34.39;;B' R F' R2 F D2 U2 L2 B F2 U2 R2 F' D' B2 U2 F L' F2 L2;2019-03-04 23:19:24;34.39
33;39.96;;U2 R2 D2 R' B2 F2 U2 R' F2 U2 L F2 D F' D L' B' U L F2 U2;2019-03-04 23:29:39;39.96
34;49.03;;B' D2 R2 U L2 F2 U2 L2 D F2 D B2 F2 L D' R2 U' F2 U' B;2019-03-04 23:31:42;49.03
35;35.79;;D2 L2 D2 R2 F' L2 B L2 D2 R U B2 F D2 L' F' R2 D' B;2019-03-04 23:33:43;35.79
36;42.44;;L' D R2 F2 R2 F' L2 F2 U2 R2 B2 U2 D' R B' F2 R' F2 U';2019-03-04 23:35:15;42.44
37;38.46;;U B2 L2 B2 L2 F2 D R2 B2 D L2 F' D' U B U2 L B U' R F';2019-03-04 23:37:14;38.46
38;35.46;;D' L U R2 U2 R2 U' L2 F2 D B2 R2 B R D2 F2 R' U B' F';2019-03-04 23:38:33;35.46
39;38.67;;B R2 F2 L2 D2 F2 U2 F U2 L2 U2 L' B' D' R' D2 U' B D' U';2019-03-04 23:39:50;38.67
40;40.43;;U' F' R2 U' L2 D' L2 R2 D R2 U' F D U2 F2 L D' B' R2;2019-03-04 23:48:00;40.43
41;43.27;;B' U D2 L2 R2 F U2 B2 F' U2 F' D2 R2 F' R D2 B2 F2 R' U' F';2019-03-04 23:48:44;43.27
42;44.83;;F' L2 U L' D2 R' U R D2 R2 U2 R' F2 R2 L' D2 R' F2 L' B';2019-03-04 23:49:39;44.83
43;37.37;;R F2 U2 F2 L2 D2 R2 U2 R F2 U2 F' L B D F2 D' L' R';2019-03-04 23:51:07;37.37
44;44.24;;R' D L2 B' U2 R2 F2 L2 F D2 B2 R2 B' D L' R2 F U' R' U2;2019-03-04 23:52:37;44.24
45;38.87;;B' U L U2 L B2 L' D2 B2 L' U2 L' D2 F L D R' D B2 L2;2019-03-04 23:54:19;38.87
46;40.60;;D U2 F2 R2 F L2 R2 F U2 F' L2 B L' D R D2 U' R2 B L F';2019-03-04 23:57:21;40.60
47;32.43;;L2 U2 L' D2 R' F2 D2 U2 R2 F2 U' L2 F' R2 B2 L2 B2;2019-03-04 23:58:52;32.43
48;39.70;;L D2 L D' B' R2 B L D2 B2 U L2 D' B2 L2 F2 R2 D' R2 F';2019-03-05 00:00:45;39.70
49;40.33;;U' F U2 D B D L U R L2 F' R2 U2 B' R2 B L2 B2 L2 D2 R2;2019-03-05 00:02:10;40.33
50;31.43;;U2 B F' U2 F' D2 R2 D2 F D2 F U L' B2 F' D B' U2 R2 U2;2019-03-05 00:05:46;31.43
51;38.91;;L' R2 U' B2 U2 F2 L2 R2 U' L2 R2 U B L' D' L2 B' F' D2 U2 L';2019-03-05 00:13:52;38.91
52;37.91;;U2 B2 R' D L2 B' L U2 B2 L2 U L2 D2 L2 F2 U' R2 U B2;2019-03-05 00:15:14;37.91
53;41.76;;U2 L F2 U2 B R2 B D2 R2 D2 L2 F2 D' R2 U' B' D L F R';2019-03-05 00:17:04;41.76
54;40.64;;B2 L2 D2 B2 D R2 D' R2 U' F2 L R' B L' U L2 F L B L;2019-03-05 00:18:50;40.64
55;38.21;;D' L B L2 F' R2 D2 R2 F D2 F L2 D2 B U' B R' B2 R2 F2;2019-03-05 00:20:19;38.21
56;37.46;;U F' R2 F L2 B D2 L2 B R2 U2 F' U2 R D' L2 D' F' U2 R F2;2019-03-05 19:06:52;37.46
57;49.81;;D' B2 F2 L2 D R2 D' F2 D U' B2 F' D B' F L D F R' B F;2019-03-05 19:10:35;49.81
58;37.12;;R' D' F2 R2 F' R2 B L2 F' U2 B2 R2 F U F L' U2 L R2 B2;2019-03-05 19:13:45;37.12
59;35.81;;L2 R2 D' L2 R2 U B2 L2 U R2 D F2 R' F L2 R' D' L' R' B L';2019-03-05 19:14:58;35.81
60;34.13;;D2 B2 R D2 R U2 F2 R2 B2 R B2 U2 B' U L' D L R2 D2 U2 B2;2019-03-05 19:16:18;34.13
61;41.95;;F' L D2 B U' F2 L2 U2 R D2 B2 U2 R2 F' D2 R2 B' L2 F';2019-03-05 19:18:13;41.95
62;44.28;;L' U2 L B2 L' B' R' B2 R2 D F2 D R2 D2 F2 D' F2 L2 D' B' D2;2019-03-05 19:19:45;44.28
63;36.54;;L2 B2 U2 L2 U' B2 L2 U R2 F2 R2 F2 B' D' L2 F' U F2 R D' R;2019-03-05 19:21:12;36.54
64;40.75;;R D' L2 U2 B2 L2 U' L2 F2 U L2 B2 F L' F2 D' F R D2 U' L;2019-03-05 19:24:44;40.75
65;34.66;;R' B2 L2 D2 B2 U2 R2 B' R2 F2 U2 F' L' F L2 F D L R F2 U';2019-03-05 19:26:53;34.66
66;38.36;;R' F' D' B2 R2 B L2 B' R2 F' U2 F' D2 R F' U2 B2 U L' B;2019-03-05 19:28:48;38.36
67;39.42;;F' U2 B U2 R2 F' D2 R2 F' R2 U L2 B' U R' D B F' L D';2019-03-05 19:32:00;39.42
68;31.07;;R' B2 L2 U2 R' U2 R' D2 U2 F2 U2 R2 U B D2 L F' U' R2 B' U;2019-03-05 19:33:42;31.07
69;40.18;;B2 D2 F2 R2 B2 R U2 L' B2 D2 U2 L B U' B2 D F' U2 R2 B';2019-03-05 19:36:00;40.18
70;47.63;;F' R2 D2 F2 R2 B' D2 B' U2 F2 U2 R' D' L' B R D' L' B' D';2019-03-05 19:37:54;47.63
71;39.16;;B D' B U2 F2 U2 F R2 D2 L2 U2 B' R2 F D' R' F L' D' L2 R;2019-03-05 19:39:32;39.16
72;39.85;;F' L' B' D' R D' F' L' U D B2 R2 F2 L2 D' R2 D' R2 F2 D2 L;2019-03-05 19:41:03;39.85
73;40.27;;B' U B D' L' D2 F R U' F' U2 F U2 B' R2 U2 D2 R2 F U2 F;2019-03-05 19:42:35;40.27
74;36.56;;U2 F U' F2 R' B U' D' R U R2 D2 R2 U' B2 U L2 U';2019-03-05 19:45:09;36.56
75;38.83;;D F' L' F2 U' F U' B2 R F' D2 R2 B' L2 F' U2 L2 F2 L2 B' D2;2019-03-05 19:46:57;38.83
76;36.85;;D2 R2 F' D R U D F2 D2 L2 U2 R2 B L2 B R2 F R2 L B';2019-03-05 19:48:42;36.85
77;40.65;;B R D' R F2 L U' F' R B2 D2 L2 F L2 F' D2 F' R2 F2 D2 B;2019-03-05 19:50:10;40.65
78;40.06;;L' D2 R F2 L2 B2 L' F2 L D2 F2 U2 B U' B2 L2 D' B' F' U';2019-03-05 20:52:39;40.06
79;40.37;;U2 L2 B' U2 R2 B L2 B F2 L2 R' U2 L B' F D L2 R U;2019-03-05 20:54:04;40.37
80;40.22;;R2 F2 U F2 U R2 D' U2 B2 F L R' B R' F D2 U R F';2019-03-05 20:55:42;40.22
81;41.10;;B2 L2 D2 R D2 U2 F2 R' U2 B2 R' D L2 B' U R F L' D L B;2019-03-05 21:00:13;41.10
82;35.80;;B' D U2 F2 R F2 L' R2 U2 F2 L B2 L2 R2 B' D' L' D2 U R F';2019-03-05 21:01:38;35.80
83;41.41;;B' U2 R D L2 F2 L2 D2 R2 F2 D2 U L2 R D B2 F L2 D2 F;2019-03-05 21:03:22;41.41
84;39.30;;R2 U' R2 F2 D U R2 U2 R2 F2 L R' F' R F2 L' B R U F;2019-03-05 21:09:13;39.30
85;29.01;;L' U2 R B2 R' F2 D2 L U2 B' L' D' B2 R' D B U2 L;2019-03-05 21:10:42;29.01
86;37.49;;U2 F' D R' L U2 D L' U F2 R2 L2 F2 L2 U2 F R2 F' D2 F' R2;2019-03-05 21:15:02;37.49
87;34.56;;L B D2 B R' U' D F D L2 B L2 U2 F2 L2 D2 F2 B U2 F2;2019-03-05 21:16:45;34.56
88;32.49;;U2 L2 U' L2 U R2 D F2 D B2 U2 B2 F L2 R D2 F' D' L R' D2;2019-03-05 21:18:33;32.49
89;36.85;;B2 U' R2 U2 F L2 F R2 U2 F' U2 F' D F L2 U' F2 R' B2;2019-03-05 21:24:29;36.85
90;39.90;;F' D F2 U B R2 B2 L D R2 U2 F U2 F' L2 D2 R2 B2 R2 F2;2019-03-05 21:29:44;39.90
91;35.74;;U2 R D' F2 D B2 U' B2 D2 R2 B2 U B' L' U2 B' F U' R' B';2019-03-05 21:31:31;35.74
92;43.08;;B2 R2 L' B2 R B' U D' F' D' B2 U R2 D' R2 U2 F2 B2 R2 F2;2019-03-05 21:33:13;43.08
93;45.29;;F2 L2 B2 D R2 U' B2 D R2 D' R' U' L' F L B' R' D2 U B';2019-03-05 21:35:12;45.29
94;36.56;;L' B L2 U R2 L F2 L' U' B2 U2 F2 U2 R' B2 R' F2 B2 L D2 R';2019-03-05 21:39:12;36.56
95;40.12;;D2 L2 R2 U2 F L2 U2 F' U2 F' U2 D' B L' R B D' L2 B2 U';2019-03-05 21:43:57;40.12
96;42.82;;F2 L2 F2 U R2 D' R2 B2 U2 R2 B' U2 F L B F2 R F' D' L2;2019-03-05 22:18:20;42.82
97;40.62;;L' U' B' D2 R' B D R2 F B2 R2 F2 B2 L U2 R' B2 L2 F2 D2 F2;2019-03-05 22:31:11;40.62
98;30.44;;R B D F2 L2 B2 U' L2 D B2 R2 U F2 R2 L U F2 L2 F' D' L';2019-03-05 22:36:53;30.44
99;46.02;;F' L2 D2 R' F L' B L D2 R2 D F2 L2 U F2 R2 U F2 D';2019-03-05 22:40:03;46.02
100;36.10;;L B2 U2 L R2 U2 L' U2 B2 D2 L2 D' B U2 B2 U B D' L2 R2;2019-03-05 22:43:43;36.10
101;37.60;;B2 F2 R2 D L2 U' B2 U' F L2 R' B U' R' U R2 U B2;2019-03-05 22:45:14;37.60
102;33.79;;L2 U' R2 B2 R2 U F2 L2 U' F2 R2 L U' L' D' F R' U' L' U';2019-03-05 22:47:30;33.79
103;31.16;;U2 B2 F U2 L2 D2 L2 F' D2 B R2 U' B D R F L' F2 D2 R;2019-03-05 22:49:06;31.16
104;40.95;;L F U' F D2 B2 L' B' L' B2 L2 F2 U' F2 D2 B2 U' R2 B2 U';2019-03-05 22:50:39;40.95
105;36.22;;F2 D F' R' L U' F2 D' L2 F' D2 B R2 F2 L2 D2 B R2 F U2;2019-03-05 22:52:17;36.22
106;39.73;;D R2 U' B2 D' F2 U2 R2 D2 U' B2 U' L' R B' U L' U2 R2 D2 F';2019-03-05 23:04:20;39.73
107;33.01;;L B' U2 L2 F2 R2 U2 B' D2 F' U2 B U L R U2 B R' F' U' F';2019-03-05 23:06:18;33.01
108;42.82;;U' R' F' L R D2 R' B2 D2 U2 R B2 U2 F U' F R U2 F R2;2019-03-05 23:08:50;42.82
109;39.49;;R' L U2 D B R' L D2 B' R2 D2 B' L2 F U2 D2 F L2 D' B' L;2019-03-05 23:10:58;39.49
110;41.87;;U' F R' F2 U2 F2 D' R2 U R2 D2 B2 L2 F2 R' F' U2 L F2 R' U';2019-03-05 23:21:10;41.87
111;36.19;;R D2 R2 D2 F U' R' U' D R' F2 R D2 B2 U2 B2 L D2 F2 L2;2019-03-05 23:22:52;36.19
112;38.21;;U B' U2 F D2 F' D2 B2 L2 B' D2 F R B2 D U L' B2 U' F' D2;2019-03-05 23:25:20;38.21
113;33.70;;B' L2 R2 U2 B' D2 F D2 F R2 B2 D2 R' B2 D' L F D2 R' D L';2019-03-05 23:32:50;33.70
114;38.77;;U' F2 R2 U2 F' U2 L2 F' D2 F2 L2 B R2 U' B2 R' F2 R B L' D2;2019-03-05 23:34:51;38.77
115;39.25;;B2 D B' R D' L F U F2 U2 B' D2 B R2 F' L2 D2 F L2 D;2019-03-06 19:15:05;39.25
116;36.62;;U F2 R2 U L2 F2 D2 B2 U' R2 L' F L' F2 L' D2 L U' R;2019-03-06 19:17:21;36.62
117;39.52;;D L2 B D2 B D2 F2 R2 U2 R2 U2 L' D' F2 R2 D U B' L D';2019-03-06 19:19:31;39.52
118;41.02;;D2 R2 U2 F2 D2 U2 L F2 L2 R' U2 B R' U B2 D B L' R' D2 B';2019-03-06 19:21:05;41.02
119;32.69;;R2 D' R B2 L B2 F2 R F2 R B2 D2 B2 F' D U' F2 R' D2 F;2019-03-06 19:23:11;32.69
120;36.27;;R' F U2 F' R2 F' D2 R2 B L2 F2 L2 D R2 F R D2 L2 D F';2019-03-06 19:24:24;36.27
121;38.58;;U R' B2 L2 U2 F2 R2 F2 L2 F U2 B F' R2 D' L' R U2 B F2 L;2019-03-06 19:25:45;38.58
122;34.18;;D2 R2 B2 U2 R2 F' U2 R2 D2 U2 F' L' R' B U' R B2 U2 B2 R';2019-03-06 19:27:08;34.18
123;43.30;;L F2 L2 D R2 U' L2 U R2 U R2 U' B F U R2 B' L F D2 L;2019-03-06 19:28:47;43.30
124;36.29;;L' U2 L' U R' L F' R2 D F U2 D2 R2 B2 L2 F R2 F U2 F';2019-03-06 19:33:38;36.29
125;37.33;;U F' B R' U2 D F D2 B U B2 L2 U B2 U D2 B2 D' L2 U2;2019-03-06 19:34:57;37.33
126;35.12;;D2 L' D L2 B2 L' B2 F2 L' R2 U2 L B2 R B U' F' L D B' R';2019-03-06 19:37:34;35.12
127;35.27;;F2 U' B2 F2 R2 U' B2 U' F2 U' F2 B D' B' R F' L2 B' U2 R';2019-03-06 21:02:19;35.27
128;40.96;;F2 L D' F2 R2 D R2 U F2 U2 B2 L2 B' U' B2 D' R' F' D F2;2019-03-06 21:03:59;40.96
129;37.85;;B L F2 R2 B R2 U2 F' U2 R2 F' L2 D2 U L R' D' L' R2 D2 R';2019-03-06 21:06:02;37.85
130;38.12;;F' U' L' B2 R2 U2 F2 D2 B2 R' U2 R2 B2 D F' L2 U' F2 D2 B';2019-03-06 21:10:34;38.12
131;34.20;;L' D' F2 R' U2 F2 L D' L R2 F U2 F' U2 R2 U2 F2 L2 B2 U2 B;2019-03-06 21:13:57;34.20
132;41.75;;L B L2 B2 D2 L F2 R2 D2 U2 R' D2 L2 B' F2 D' F R2 U2 B';2019-03-06 21:16:03;41.75
133;39.69;;L2 D2 F L2 F U2 B' L2 U2 B L2 U2 L' F2 R2 U B D2 L2 F;2019-03-06 21:43:25;39.69
134;35.04;;B R2 B' R2 B U2 B' R2 D2 F2 R2 L D' U R D B2 R D' L2;2019-03-06 21:46:57;35.04
135;41.88;;B' U2 F2 R2 D2 F2 D' B2 F2 U' L2 U' B' D U' R D' R2 B L;2019-03-06 21:54:59;41.88
136;35.52;;R2 B2 F2 L U2 R' B2 U2 R B2 F2 R' U' F D' B U R D2 F';2019-03-06 21:56:36;35.52
137;42.88;;R2 U2 R2 F2 U B2 R2 D R2 D R2 L B U' R' U2 F R B2 L2 R2;2019-03-06 21:59:19;42.88
138;31.06;;F' R U' F2 R2 U' L2 F2 U R2 U2 R2 F2 U' B L' R' B' R2 U2;2019-03-06 22:02:31;31.06
139;34.86;;B D2 F' R D L' B' U2 F2 B2 U2 R B2 L' B2 L' D2 R B U;2019-03-06 22:05:15;34.86
140;36.03;;B' U' R' L' F L' D2 R L2 F2 R2 L2 U B2 D' B2 U' B2 D2;2019-03-06 22:07:42;36.03
141;35.66;;R' B U2 L2 B2 F2 U B2 D2 U' L2 D R2 B2 F' D2 R' B' L' D' L';2019-03-06 22:11:32;35.66
142;35.13;;L2 D F' L2 B' L' B U B2 R2 B' D2 B2 U2 B L2 D2 R2 F2 D';2019-03-06 22:16:15;35.13
143;38.98;;B' D2 B L2 B' F2 D2 R2 B D2 U B' L B2 R' D2 B' L;2019-03-06 22:26:45;38.98
144;40.29;;U R' L2 F2 D' R2 F2 U' R2 D2 F2 D F2 B D' F2 L U2 L2 B';2019-03-06 22:31:06;40.29
145;35.14;;F R2 B2 D2 F D2 L2 F' U2 F' U2 D' F2 L B F2 R' D B2 U' F;2019-03-06 22:33:53;35.14
146;32.06;;U2 F' D L U' L F2 L' F B2 R2 U2 B R2 F' D2 F U2 F L2;2019-03-06 22:36:09;32.06
147;41.71;;L F R' U' B' R F L' D' F2 L B2 L2 U2 R F2 D2 F2 D2 L F2;2019-03-06 22:41:08;41.71
148;39.12;;R' F2 U2 B2 L F2 L2 R B2 R' F2 R' B L' D' F2 L R2 D F D';2019-03-06 22:49:14;39.12
149;37.94;;U' B U' R2 U F2 U B2 R2 U B2 U' B2 R2 F' R' B2 D2 L D2 B';2019-03-06 22:51:12;37.94
150;34.18;;D' L' F2 U D R F' U B D2 B' R2 L2 F' D2 F2 D2 R2 F' L' B2;2019-03-06 22:52:41;34.18
151;41.23;;R2 D' B U' R D' L' B' R2 U2 B R2 F2 R2 U2 F U2 D2 R2 U' F';2019-03-06 22:54:15;41.23
152;38.35;;U R F2 R' B2 R2 U2 L' F2 R' F2 U2 F' L2 B D U L' B U;2019-03-06 22:55:43;38.35
153;40.95;;D2 B2 F2 R' B2 R B2 R' F2 R2 B' D U' F' D' R' D2 B' D L2;2019-03-06 22:57:14;40.95
154;31.52;;U B2 R2 B2 R2 D' B2 U R2 U R' U F' D' L' B2 L2 F R' B';2019-03-06 23:00:20;31.52
155;37.52;;B2 D2 L B2 R' B2 L U2 R D2 B2 L2 D' R' F L' R2 F' D L2 U';2019-03-06 23:01:18;37.52
156;38.51;;R B' L2 F2 B2 D L' R2 U' F2 L2 U F2 D' R2 U2 R2 U L;2019-03-06 23:03:15;38.51
157;33.44;;U L2 D2 F L2 B R2 F2 R2 U2 B U2 B2 L F U' B2 F D' U' L';2019-03-06 23:04:53;33.44
158;31.71;;U2 L2 U' L2 B2 D' L2 F2 U L2 R2 D' B' F2 L D' R' F2 D' R2;2019-03-06 23:06:10;31.71
159;37.27;;D' F' L' U' L2 R2 U' F2 U F2 R2 U2 F2 D2 F D L2 B2 F' L2 R;2019-03-06 23:07:44;37.27
160;32.34;;R2 U2 B U2 F U2 B2 R2 D2 R2 B' D2 L D' F' U2 L' B F2 R2 D';2019-03-06 23:09:05;32.34
161;34.50;;R B2 F2 R2 D2 R B2 L' B2 L2 B2 U R' D' B' F2 U' R' U F';2019-03-06 23:11:41;34.50
162;35.62;;D B2 R2 F2 U' F2 D L2 F2 R2 U' L F' R' F' L U L' D B2 L';2019-03-06 23:12:57;35.62
163;36.76;;L2 U' R2 F2 U F2 D2 R2 U L2 U2 L2 F' D' R2 B' F R B2 L U;2019-03-06 23:14:51;36.76
164;35.85;;U R B2 R F2 L D2 F2 L U2 R' F2 U' B' U2 R2 F D U L2;2019-03-06 23:16:59;35.85
165;36.28;;R2 D' F2 U R2 B' R B' D2 B2 R D2 R U2 F2 U2 B2 R D;2019-03-06 23:18:30;36.28
166;34.97;;B2 F2 U2 B2 D' L2 B2 U' L2 B2 D' U2 B' D2 F2 U' R' F L' R' U';2019-03-06 23:22:30;34.97
167;44.28;;R' U2 F2 U' L2 F2 D L2 D2 R2 D' U' B' L B F' R' D L2 U F';2019-03-06 23:24:17;44.28
168;36.11;;U B2 L2 D U2 F2 U2 F2 L2 D B L D2 B L' R D' B2 F2 U';2019-03-06 23:28:53;36.11
169;35.02;;R2 B' U2 L2 F L2 F L2 F R2 F' D L2 B2 R' B F' L' R2 U F2;2019-03-06 23:30:13;35.02
170;38.82;;D R' L D B' L' B D2 L F2 L2 F' R2 L2 B R2 B2 D2 R2 D2 R2;2019-03-06 23:31:35;38.82
171;41.20;;R2 D L2 D L' F2 D2 R' B L2 U2 R2 F2 U2 B2 U2 L2 D' L2 U';2019-03-06 23:32:52;41.20
172;36.90;;F' B2 R U2 F2 L' F2 L2 F2 R2 U2 R U2 F D2 L2 D' R F2 L R;2019-03-06 23:34:08;36.90
173;38.16;;B' D2 U2 L2 F D2 U2 R2 F L2 U2 D' L2 R' D2 F' L' R D F;2019-03-06 23:35:28;38.16
174;36.75;;L B U F R2 F' U F R2 U2 B2 L' B2 R L2 D2 B2 U2 F2 D';2019-03-06 23:37:20;36.75
175;42.12;;L2 U F2 U L2 D B2 L2 U L2 U' B2 R D' U2 F L2 B L' B2 L';2019-03-06 23:38:43;42.12
176;32.19;;B2 U' B' R2 B R2 B' L2 U2 B R2 F U2 L U' B2 R' D B R2;2019-03-06 23:40:06;32.19
177;38.13;;B' F2 L2 D2 U B2 L2 U' L2 D2 R2 D' R' D' L2 F R' B2 U' R;2019-03-08 00:49:06;38.13
178;34.58;;D2 L2 D R2 U' R2 D F2 R2 F2 R2 D2 F' L2 U' L D' B D' L2 D;2019-03-08 00:52:27;34.58
179;42.50;;L U R2 U' L2 D2 R2 D' R2 B2 L2 B2 U2 R U2 B D U2 F' R2 D2;2019-03-08 00:55:30;42.50
180;38.75;;U F2 L2 D F2 U' F2 U2 L2 F2 R F L F U2 R2 U F L2 U;2019-03-08 00:56:51;38.75
181;38.61;;R' U' D L F' B D R' U2 R' B2 R' U2 R D2 L' D2 R2 B2;2019-03-08 00:58:11;38.61
182;43.06;;R2 B2 R2 U L2 F2 D U2 B2 F2 L2 D' L' U' B2 L' F U R' D2 B2;2019-03-08 00:59:54;43.06
183;34.36;;L' B2 F' D2 B' R2 U2 F' D2 F' U2 R2 F2 R F L D' F2 U' F L;2019-03-08 01:02:06;34.36
184;43.18;;L' D' L2 B2 L2 U2 B2 R2 U R2 D F D2 B' D2 R D' L D;2019-03-08 01:06:50;43.18
185;37.93;;U B2 D2 U L2 U2 F2 L2 B2 U R' F' U' R' U2 B' F U2 R;2019-03-08 01:08:15;37.93
186;45.16;;L2 U2 F2 L2 U2 R2 U L2 D B2 U L2 R F' L B2 D' B2 L2 F D;2019-03-08 01:09:47;45.16
187;37.47;;L2 D2 L2 B L2 F U2 F' R2 F2 D2 B2 R' D' B D2 R2 F2 D U2;2019-03-08 01:11:13;37.47
188;41.32;;R' L2 B2 D' F2 U F2 R2 D B2 U2 F L B U F2 L U2 L B2;2019-03-08 01:12:40;41.32
189;40.68;;F' U2 R2 B' L2 U2 B D2 B' D2 F D2 L R D' L' U' F U' B' U';2019-03-08 01:16:00;40.68
190;38.35;;D B L2 F' U2 R' D2 L' F2 U2 B2 U' R2 D' B2 U B2 R2 D B2 R';2019-03-08 01:17:36;38.35
191;39.44;;F2 U' B2 R2 D U2 B2 D2 L2 U' R2 B' F' R' U R D' L' F D;2019-03-08 01:18:55;39.44
192;40.39;;R' F2 D2 B2 L F2 U2 L' F2 L U L2 R2 F L D B2 F R2;2019-03-08 01:21:58;40.39
193;43.33;;U B R2 B2 R' F2 R D2 U2 B2 R' D2 L' R2 D' B' L D2 U L2 B;2019-03-08 01:24:51;43.33
194;37.28;;F' U' R U' F R' U' R B2 L2 D2 B2 R2 L F2 L D2 L' B2 D;2019-03-08 01:26:08;37.28
195;35.70;;F U2 R2 F2 R' D2 B2 L' D2 L' B2 R' U' B2 U' L U' B U2 F2;2019-03-08 01:28:14;35.70
196;44.31;;F2 U2 L' F L2 U F' R L F2 R D2 R U2 F2 U2 F2 L2 B';2019-03-08 01:29:22;44.31
197;36.97;;U2 R2 B2 D U B2 D' F2 R F D2 F2 L' R' B2 U' R D;2019-03-08 01:30:38;36.97
198;36.20;;D2 F L2 D2 L2 U R2 D' R2 U L2 F2 U2 R' F D L R' F' R' B';2019-03-08 01:31:53;36.20
199;45.32;;D2 B2 U R' U2 F U F' U2 F L2 F' B' D2 F' U2 F L2 D2 L D';2019-03-08 01:33:12;45.32
200;37.91;;R' F U2 F2 D2 U F2 L2 U' R2 U' L2 B R2 B' F2 L' F R B';2019-03-08 01:34:32;37.91
201;35.53;;F U L2 D' B R B2 U' F U' R2 L2 B2 D' R2 D' B2 U' R2 U';2019-03-08 01:38:10;35.53
202;36.23;;U2 B2 L D R' L F R U F2 L2 B2 R2 L2 D2 F' R2 F' L2 F2 R2;2019-03-08 01:39:20;36.23
203;40.53;;L U2 F U2 B' L' F' D R L U2 R2 U2 B2 U2 R2 B2 L' F2 D';2019-03-08 01:40:30;40.53
204;41.29;;F' D' R2 D U2 R2 U2 B2 L2 B2 L2 F' R' B F U' F' L R';2019-03-08 19:21:09;41.29
205;36.32;;D R' L' F R' L' B U L' U2 R' F2 R F2 R B2 R' U2 R U2 B;2019-03-08 19:25:44;36.32
206;39.28;;U2 R2 F2 U2 R2 U L2 U' F2 D' R B' L' U2 R' D' U R' F2 U';2019-03-08 19:27:28;39.28
207;36.75;;D B2 D B2 D2 L2 D U2 F2 U2 R U' R' D2 R D B' R F' U;2019-03-08 19:30:07;36.75
208;42.17;;B' L F' U2 L2 F R B2 L2 U F2 B2 U' D' R2 U F2 L2 B L;2019-03-08 19:31:27;42.17
209;35.09;;U2 F2 L B2 R B2 L D2 L2 U2 B2 U2 B U' B U2 R2 F2 D L';2019-03-08 19:32:43;35.09
210;35.99;;B2 D2 B' R2 U2 F2 R2 U2 R2 B' U2 R2 U' R2 U L D' F U2 F2;2019-03-08 19:33:53;35.99
211;37.95;;B2 L' F2 R2 U2 R F2 D2 U2 R D2 B2 D L' B D' R2 F L F D';2019-03-08 19:35:36;37.95
212;42.60;;R' D2 F2 D2 L2 D2 L' B2 R D2 R' U L U' B2 U' B' U B2 F';2019-03-08 19:39:41;42.60
213;39.73;;D R2 B2 D F2 R2 B2 L2 U' L2 D L2 F L' D U2 L' B' D' L F2;2019-03-08 19:42:43;39.73
214;36.27;;B2 D' R2 D' F2 U B2 U2 B2 R2 U R2 L' U2 F' D' B U' L' F';2019-03-08 19:44:29;36.27
215;35.31;;F' U' B2 L2 R U2 R D2 U2 B2 L B2 L F D B L' D' L U2;2019-03-08 19:46:09;35.31
216;37.04;;L2 D2 F2 U' L2 U F2 D' F2 B' L B2 D' L B R' B' F R2;2019-03-08 19:47:13;37.04
217;37.66;;L R2 B2 D2 L2 U2 B U2 F' R2 B2 D2 F' U L R2 D U R2 D' B';2019-03-08 19:48:36;37.66
218;40.95;;F2 U2 R L2 U' B2 D' F B2 D2 L2 U2 D2 F U2 F D2 L' U;2019-03-08 19:50:09;40.95
219;32.19;;L' B R' B' L D B F2 U2 R D2 R L2 F2 R2 U2 F2 D' R';2019-03-08 19:51:30;32.19
220;41.16;;B' L B2 D' B2 U' B2 F2 D2 F2 U' F2 D R' U B F2 D B' R';2019-03-08 19:53:01;41.16
221;39.65;;F2 L2 R2 U2 B2 U' R2 F2 R2 B2 D R' F L' R2 U L2 R B2 F;2019-03-08 19:54:49;39.65
222;39.67;;L2 B2 F L2 B L2 U2 F' L2 F' U2 F' D U L' B U B L2 F' U';2019-03-08 19:57:06;39.67
223;41.23;;B F2 U2 F D2 L2 B' F2 L2 R2 D' U F' L F' D2 F' R D2 U';2019-03-08 19:58:21;41.23
224;31.82;;U' L' F2 D R2 D' L2 R2 U' R2 U2 R2 B U2 F' R' U' B' U' B2;2019-03-08 19:59:36;31.82
225;34.16;;U2 F L2 B2 F R2 F U2 L2 D2 F' U2 L' D' U2 F U' R B' U';2019-03-08 20:00:43;34.16
226;36.84;;R D2 F U R D F U2 L' U2 F U2 R2 B D2 F B2 D2 R2 L2 F';2019-03-08 20:02:57;36.84
227;43.54;;L D' U2 B' F U2 F' D2 B' L2 F U2 R2 F2 R D L' F2 L' U B;2019-03-08 20:04:07;43.54
228;38.86;;L U2 B D2 B L2 U2 F L2 F' U2 F' L2 D' U' F U2 L' D F;2019-03-08 20:05:25;38.86
229;39.02;;F D2 F' D2 L2 D2 B2 D2 F D2 F U' L' D' L R U2 B' D2 R2 B';2019-03-08 20:08:18;39.02
230;40.26;;D' R B2 D L2 U2 F2 U F2 L2 B2 U L F R B U' L U2 F;2019-03-08 20:09:31;40.26
231;44.10;;R' D' R2 D R2 D' L2 U' B2 U R2 L D' L2 D2 F' R' U B' F2;2019-03-08 20:10:45;44.10
232;34.40;;B' R2 D2 U2 L B2 U2 L' D2 L2 R' U L' R2 D' B R B2 F';2019-03-08 20:14:21;34.40
233;36.41;;D2 B' U' F2 D' L F2 B' D L2 U2 F2 R2 B2 R2 D B2 L2 U2 L2;2019-03-08 20:15:48;36.41
234;37.56;;L U2 D L' U' B R F2 U' R2 L2 F2 R2 D2 F R2 B' R2 D2 F' D2;2019-03-09 01:46:49;37.56
235;37.91;;D2 B' R F2 R2 B2 U2 B2 R' U2 L2 U' L B D2 L2 B2 L2;2019-03-09 01:48:16;37.91
236;39.38;;F R2 D R2 U2 L2 D' R2 B2 U' F2 U2 B' F' R' F2 D' F L2 U F';2019-03-09 02:10:07;39.38
237;37.54;;F L B2 D2 L' D2 B2 D2 L' R' B2 U L D F L2 R U F';2019-03-09 02:28:01;37.54
238;43.37;;U' F B2 D' L F' B2 U' D2 B2 U2 L2 F2 L D2 L2 D2 F2 D;2019-03-09 02:29:16;43.37
239;39.23;;B2 D' F' D2 B' D2 F' R2 B' F' R2 L F' D2 U2 L' U2 R;2019-03-09 02:30:39;39.23
240;37.75;;D2 B2 L R D2 R' F2 D2 L' F2 U2 R' B' L' F' D L' B' F' U B2;2019-03-09 02:32:00;37.75
241;35.57;;U' R F' U2 B2 D2 B U2 F' U2 F D2 R2 D' F' R' F L U L2;2019-03-09 02:33:29;35.57
242;41.87;;B2 L2 B2 L2 D2 L2 F2 U2 F R2 B2 D' F2 R U2 B' F2 L' F U2 F2;2019-03-09 02:34:45;41.87
243;38.54;;R' F2 R2 U2 L2 U2 B2 D' B2 D' F2 L2 R' B2 F' D' R2 U2 B D2;2019-03-09 02:37:50;38.54
244;40.97;;F R' F2 L B2 L' F2 L' B2 R2 F2 U2 D' L B D' L2 R' U' R2;2019-03-09 02:39:06;40.97
245;36.15;;R' B' U' B D' R D B R B2 L' F2 L' F2 D2 R B2 D2 B2 L2;2019-03-09 02:40:32;36.15
246;41.09;;B2 F2 L2 B2 U F2 D U R2 F2 U R2 B D' B2 F R' U' R2 B2 F';2019-03-09 02:41:52;41.09
247;40.87;;D F2 L2 F2 D R2 U' R2 B2 F' D L2 B' U F2 L' U' R' U;2019-03-09 02:43:06;40.87
248;28.18;;B2 U2 R2 U F2 U L2 D R2 B L' U2 L D2 U B2 L' R D;2019-03-09 02:44:19;28.18
249;43.63;;R B2 L2 U2 F2 D R2 D' U' R2 U' R2 B L R' D' F U2 B D F2;2019-03-09 02:47:21;43.63
250;43.36;;R L2 B L2 U2 F U2 B2 U2 R2 B D2 F2 R D L' R' F' U2 F';2019-03-09 02:48:39;43.36
251;33.03;;D L D' F D' F2 L' D2 B U2 R2 B' D2 F' U2 F B R;2019-03-09 02:49:57;33.03
252;45.65;;L2 F2 U' B' D' B L F2 B' R2 L2 D2 L2 F' R2 D2 F' D' L;2019-03-09 02:51:10;45.65
253;37.95;;L2 U B2 F2 D' F2 D2 F2 R2 D L' U2 B' U2 F' U' L R B U2;2019-03-09 02:52:37;37.95
254;42.12;;F2 D L2 F2 D2 U' L2 D R2 B2 R2 F' D2 L2 D2 L R U' F2 D2 L';2019-03-09 02:53:54;42.12
255;34.75;;B L2 B' L U' F' L' D' R F R2 F B2 L2 D2 F' R2 B' U2 F;2019-03-09 02:55:07;34.75
256;41.17;;D' F2 R F2 D2 R U2 L2 B2 R2 F2 U2 R U' B' L' U R D L D2;2019-03-09 02:57:34;41.17
257;39.49;;F' L2 R2 U' B2 D2 R2 D F2 U R2 D L' B L U' L F' L2;2019-03-09 02:58:46;39.49
258;41.00;;B L D' R' L U' R U2 B' R2 B' U2 F L2 B' L2 F R2 D2 L' D2;2019-03-09 03:00:03;41.00
259;34.47;;F2 R2 D2 B D2 R2 B R2 B2 D2 L' D' R' U2 L2 F L2 D2 U' F';2019-03-09 03:02:14;34.47
260;42.02;;R2 D2 F L2 U2 B2 L U B2 R B2 R2 D2 R L' U2 B;2019-03-09 03:03:23;42.02
261;31.65;;R' F' D2 L2 D2 F2 R2 F L2 F D2 B' U2 D B' R D B U' L' F';2019-03-09 13:44:48;31.65
262;33.45;;D2 F2 R2 B2 D' L2 D' L2 U2 B2 L2 D' L U' L' F D2 L' B R2 D';2019-03-09 13:47:27;33.45
263;36.74;;D F' B2 U2 R2 D' R2 D' R2 F2 L2 R2 D' B U R' B' D2 L F';2019-03-09 13:50:18;36.74
264;32.00;;B L2 U2 R2 D L2 U' B2 R2 D2 R2 U2 R' B R2 F D F R2 D';2019-03-09 13:51:32;32.00
265;35.23;;U' B L' D F2 U R2 U' L2 U' B2 R2 D R2 B' L' F' U2 F' U2 B2;2019-03-09 13:54:08;35.23
266;39.28;;L' U' B2 U L2 B' U F2 D2 L2 D2 B D2 F' B2 U2 F' R2 U R';2019-03-09 13:56:01;39.28
267;35.04;;L' F2 D' F2 D U2 B2 U2 L2 R2 F2 R2 U R F2 L2 D' U2 B' R';2019-03-09 13:58:14;35.04
268;32.49;;L2 D F2 L2 U' L2 B2 U2 L2 B2 D L' D U F2 D F D2 R D;2019-03-09 14:01:46;32.49
269;36.20;;B U2 F2 L U2 B2 F2 R2 B2 L B2 L D2 B' D' R F R D';2019-03-09 14:05:30;36.20
270;29.11;;R L' F' L D' L2 B' L U2 R L2 D2 L F2 D2 L' U2 R2 D2 B;2019-03-09 14:17:15;29.11
271;25.11;;R' B2 F' U2 R2 F R2 B' D2 R2 B U2 L F U' L2 B' D' B2 F';2019-03-09 14:18:50;25.11
272;34.84;;R F D L' B2 U F2 D L F' U2 F2 U2 L2 B R2 D2 F2 L2 D2 F2;2019-03-09 14:27:39;34.84
273;35.15;;R2 U2 F2 U F2 U' B2 D' R2 D' L B2 F' D R' D' R F' D U2;2019-03-09 14:28:54;35.15
274;38.60;;B U' L' U2 B' U2 L2 B' U2 L2 D2 B2 D2 R2 U B' D' F R' D' U2;2019-03-09 14:32:11;38.60
275;37.69;;D' L B2 D2 F U B2 D' L B2 R' F2 L' B2 L U2 L' F2 U2 F2 B';2019-03-09 14:34:21;37.69
276;32.14;;U F2 U R2 D U' L2 B2 F2 U' R D F L' F' R' D B D U';2019-03-09 14:35:46;32.14
277;32.29;;U' F2 R B2 R D2 L2 D2 U2 L U2 R' F2 B' U L' F L U L B';2019-03-09 14:36:56;32.29
278;37.87;;L' B U2 B R2 D2 F' R2 F' L2 U2 L2 F2 R' F D2 U' R2 B2 L';2019-03-09 14:38:11;37.87
279;37.81;;L' B2 U' F2 R2 D F2 D R2 U2 B2 R2 B R2 F' L R B' D R2;2019-03-09 14:41:16;37.81
280;37.38;;B' R' L' B U2 L D2 F2 U F L2 B R2 U2 B U2 R2 B R2;2019-03-09 14:42:29;37.38
281;42.28;;R' F D' F2 U L R2 D R2 F2 D R2 U R2 F2 B2 U' R2;2019-03-09 14:43:59;42.28
282;37.01;;B' D R2 L D' F' R U2 B U' F2 R2 D L2 D B2 L2 B2 U' B2;2019-03-09 14:45:40;37.01
283;38.89;;B D L' B' U2 F' U' D2 B D2 L2 B2 U2 B2 U B2 D' B2 U2 F2 B2;2019-03-09 14:48:08;38.89
284;38.46;;F2 R2 U2 L2 B' R' D2 F2 U' B2 D' B2 U' L2 U F2 L2 U' R;2019-03-09 14:49:15;38.46
285;33.52;;L D2 R D2 L2 D2 F2 L U2 R' B2 D F2 R F' U R' B U2;2019-03-09 14:50:33;33.52
286;39.51;;F2 L2 D2 F2 D R2 F2 U B2 F2 L B' D' F2 U2 L U2 R' U L';2019-03-09 14:51:43;39.51
287;36.84;;B' R2 U2 R2 B U2 B U2 L2 B D2 F2 R' F U2 F' U' L' R' F' U';2019-03-09 14:53:07;36.84
288;39.31;;B2 D2 F2 R' U2 R' F2 L' R2 D2 F' R' B' F' U' B2 L' U R';2019-03-09 14:54:22;39.31
289;32.47;;R L U L D2 F U' D' L F2 R2 U2 R2 B2 U R2 D2 B2 U;2019-03-09 14:55:57;32.47
290;34.82;;F' D' F' D' R' B' L U R2 L2 D2 B' R2 F2 U2 R2 B' D2 L2 U';2019-03-09 14:57:09;34.82
291;36.49;;D R L' U' R2 U2 F U F2 U D R2 F2 D2 L2 B2 U' L2 U' L' D;2019-03-09 14:58:42;36.49
292;40.49;;D' F2 D R2 D2 B2 F2 L2 F2 U L2 U2 F' U2 L2 F' D L' B' R';2019-03-09 15:01:40;40.49
293;33.81;;U R U2 L D2 F2 D2 R B2 D2 R2 B' D B2 U F' L' D' F2 D2;2019-03-09 15:03:07;33.81
294;44.05;;L B' R U L2 F D' U2 F R2 D2 F' D2 R2 B' U2 B' U2 R U2;2019-03-09 15:04:17;44.05
295;35.17;;L' U2 B2 L U2 B2 L U2 R B2 F2 R2 B L D' F' L' D2 L' U' L;2019-03-09 21:04:02;35.17
296;36.13;;F2 U B2 F2 U R2 D' B2 R2 D' L2 U2 L R' B' L2 R B' U F2 R2;2019-03-09 21:05:49;36.13
297;36.62;;D2 R B2 U2 B2 U R2 D F2 D' B2 D' F R B2 D2 U2 B D;2019-03-09 21:07:02;36.62
298;39.19;;F U F' B2 U F2 D F2 L2 D U' L2 F' R D2 U B2 U' L';2019-03-09 21:09:14;39.19
299;30.34;;D' R' B' U L' D' F2 R D' F2 U2 F2 R2 F D2 R2 U2 F2 R2 F2 D2;2019-03-09 21:11:07;30.34
300;36.75;;F' L' B' D' R2 D2 U' L2 U' B2 U B2 U' F R' F' L B2 U F';2019-03-09 21:14:47;36.75
301;41.83;;B2 U' F2 U' F2 U' R2 U2 B2 F2 L R U B2 L2 F' R' U2 R';2019-03-09 21:16:56;41.83
302;37.80;;B F2 D2 U R2 B2 F2 D2 U' L2 R2 B2 R' U2 L' D2 F R D' B2 U';2019-03-09 21:18:29;37.80
303;37.45;;L' D' F2 L2 B2 L2 U' B2 F2 L2 D' B2 U' R U2 B D U R2 B' U2;2019-03-09 21:23:56;37.45
304;34.23;;U L2 B2 D F2 U B2 U' L2 U' R2 L' D' R' F' D2 R B' U' R' D';2019-03-09 21:25:40;34.23
305;36.13;;R B' L2 D' L2 U F2 U R2 U' R2 D' L' B2 F2 U' B2 D R';2019-03-09 21:27:16;36.13
306;40.80;;U2 F' R' F U' L' U2 B D' F2 D F2 L2 U2 R2 F2 U' L2 D2 F2 R;2019-03-09 21:28:41;40.80
307;36.77;;U' R2 U' F2 U F2 U2 F2 D' F2 R' F D2 L2 U B F D' F2 U;2019-03-09 21:30:10;36.77
308;39.10;;L' F U2 F2 U2 F2 R D2 R D2 U2 R2 U' B' R' B' L U' F2;2019-03-09 21:34:41;39.10
309;29.82;;F' U' F U2 B2 L' B L2 F2 B2 D F2 U F2 D2 L2 U F2 U' R' D';2019-03-09 21:36:39;29.82
310;32.29;;B R U' L2 B2 R2 D F2 U' L2 F2 L2 U2 R2 L' U' B' R2 F' D2 R';2019-03-09 21:37:55;32.29
311;44.23;;L F2 R' D R F' L' D R2 F' D2 L2 F' L2 U2 B' D2 L2 B2 U L;2019-03-09 21:40:25;44.23
312;40.47;;B2 R' D R2 D L2 F2 U B2 U2 L2 F2 D2 B' D2 R' U B' L D;2019-03-09 21:42:09;40.47
313;32.92;;D F2 L2 R2 U' B2 F2 L2 D U2 R2 B' L R' F' D' L2 B L2 D;2019-03-09 21:43:23;32.92
314;39.83;;U2 R' D2 L' B2 L' D2 B2 D2 R2 D' F2 U F U B U L B2 D';2019-03-09 21:44:34;39.83
315;35.69;;B' D2 R2 B2 U B2 D B2 D2 F2 D' L' U2 F' R' U B D B2;2019-03-09 22:23:43;35.69
316;37.93;;D U2 B L2 B' D2 L2 B' R2 F2 D2 R2 F D B' D2 R2 D' L D' B2;2019-03-09 22:25:24;37.93
317;38.20;;F2 L2 F L2 U2 B' F2 D2 U2 R2 D2 R F U' L' R F R' F2 R2;2019-03-09 22:27:01;38.20
318;33.54;;U F B R2 B' U2 L' B U D2 B' L2 F2 D2 B' L2 D2 B U2 L2 D2;2019-03-09 22:29:15;33.54
319;31.21;;U2 B2 F2 U L2 R2 D L2 D' L2 F2 D R' D2 L' F' D B' D' R';2019-03-09 22:30:57;31.21
320;41.93;;F2 D L2 U2 B2 F2 R2 F2 R2 D' L2 D' B D2 B U F2 L R' U';2019-03-09 22:34:52;41.93
321;38.63;;F L D' R2 B2 F2 U' R2 F2 D U2 L2 U2 R D' L' F U' L U2;2019-03-09 22:36:13;38.63
322;43.49;;L F' L2 R2 B2 U2 R2 B' L2 B F2 U2 L' F2 U R2 B' R' B2 R2;2019-03-09 22:37:55;43.49
323;39.53;;L B2 L2 U2 L' B2 L' B2 D2 U2 L2 U2 B L2 R' D B U' R' D2 R';2019-03-09 22:39:21;39.53
324;30.09;;F' U' L' F' R2 D F U F2 L2 D B2 R2 D F2 D F2 B2 R2 L U';2019-03-09 22:40:36;30.09
325;30.71;;U2 L2 F' U2 L2 F D2 F' D2 L2 R B' L' D' U' L' B U' B;2019-03-09 22:43:25;30.71
326;36.75;;R B2 L' B2 D2 L2 F2 D2 R2 B2 R D' F L2 B' L D' L' F2 R2;2019-03-09 22:45:01;36.75
327;34.60;;R L2 D' U' B2 U F2 U' B2 F2 R2 B2 U' B' L' B U2 F R' D2 U';2019-03-09 22:46:32;34.60
328;39.16;;B L2 U2 F' U2 R2 F' R2 U2 F' L2 F U F' L' B L' D R' D L2;2019-03-09 22:49:16;39.16
329;29.74;;R D U2 L' U2 L U2 B2 R' D2 B2 U2 B2 R2 F' U B' D L2 U' L;2019-03-09 22:52:16;29.74
330;36.75;;U2 R2 F2 D2 R2 F2 U2 L2 B' F' U2 F U' L2 R F R' F' D L' B';2019-03-09 22:53:50;36.75
331;32.42;;L2 D2 B L2 B U2 F2 R2 F R2 D2 R B D2 L' B2 L' F D' B';2019-03-09 22:55:06;32.42
332;44.77;;D' L2 D' R2 U L2 R2 U2 F2 U' B2 U B L F' D' F' D2 U' L2 D2;2019-03-09 23:00:57;44.77
333;31.80;;B L' F' D L2 B2 D' F2 U F2 U' B2 D2 B2 R U L' R U2 F U2;2019-03-09 23:02:35;31.80
334;36.85;;F' R' B' L B2 U B R' F' L2 U' B2 D' B2 D2 L2 D R2 L2 D' R2;2019-03-09 23:04:07;36.85
335;37.16;;F L2 U2 B2 U2 R2 U F2 D R2 U' F D' R' D F' U2 R' F D';2019-03-09 23:05:24;37.16
336;34.33;;U' R2 B' R2 B U2 L2 F' D2 B L2 R' F D2 U F2 R2 F2 L';2019-03-09 23:06:37;34.33
337;29.17;;B2 R' D2 B2 F2 R' D2 B2 U2 R2 B2 D L2 R D F' U2 B2 D' R';2019-03-10 14:57:29;29.17
338;37.15;;F2 U2 B2 F2 L2 U' B2 D B2 F2 D2 F' U' B' L' R' D L' F2 U' B';2019-03-10 15:00:36;37.15
339;35.78;;L2 F2 U B2 D L2 U R2 D' U2 F2 L D' F' R D B' U' L' B';2019-03-10 15:01:45;35.78
340;33.65;;D2 L2 B L U D' L D' L U2 F2 D2 L D2 F2 D2 B2 R2 B2 D';2019-03-10 15:02:59;33.65
341;34.49;;R' F2 L' U2 L D2 U2 L B' D2 F' L' U' R' B' D' U B2;2019-03-10 15:04:13;34.49
342;35.64;;U2 R2 B2 L F2 R U2 F2 U2 B2 L' F2 D U' F' U F2 D2 L B U';2019-03-10 15:05:23;35.64
343;35.07;;F B D' B2 U2 R B' U' R' D2 B L2 D2 F' R2 F2 L2 U2 L2 B2 R2;2019-03-10 15:07:13;35.07
344;32.59;;F' D' F2 D2 B2 R2 D' L2 U' L2 F2 D' R' D' B F U F L' D' F2;2019-03-10 15:08:30;32.59
345;35.01;;F2 D' L2 B2 D2 L2 D' R2 U' L2 F' D' B' L2 D2 L' D R' U' L';2019-03-10 15:10:26;35.01
346;36.96;;L2 F2 R2 F2 D L2 U F2 U' F2 U' B2 R' U2 B2 D R' U' R B U';2019-03-10 15:12:03;36.96
347;34.35;;F2 R D R2 D' B2 D2 L2 B2 L2 D B2 D' B' D2 U B' L' U2;2019-03-10 15:13:26;34.35
348;33.45;;U' B2 U R2 F2 L2 R2 F2 U2 L D2 F L' U2 B' R2 D' B2 L';2019-03-10 15:14:36;33.45
349;34.23;;D2 R2 U2 B2 R2 F2 R2 D F2 U2 L2 B2 R' D2 B D2 B' F D' F' R';2019-03-10 15:16:01;34.23
350;29.71;;B2 L2 U2 B2 R2 D L2 D' L2 U2 F2 L2 B R' F' U' B' R2 D2 L' R2;2019-03-10 15:17:30;29.71
351;34.23;;L' D B L D2 L U L F R2 F R2 U2 B' R2 U2 D2 B' D2 R;2019-03-10 15:18:46;34.23
352;30.98;;B R' D2 R2 B2 D2 B2 L B2 R2 D2 F2 R' B' L' B' D' R B';2019-03-10 15:20:50;30.98
353;30.48;;L D' B F2 U2 R2 D U2 L2 R2 B2 L2 U L U' F' R' F' L' D;2019-03-10 15:22:10;30.48
354;36.94;;R2 B2 L2 D2 F2 D2 R' U2 R2 D2 U R F' U2 L' R' D2 F D';2019-03-10 15:23:39;36.94
355;35.77;;L2 D B2 L2 R2 D' B2 L2 U B2 R B' D U' F2 R' D' R2 D2 B';2019-03-10 15:25:05;35.77
356;39.19;;F' D' B' D B' R' F2 B2 U F2 U2 L' U2 R2 L' U2 B2 L' F2 L' U2;2019-03-10 15:27:46;39.19
357;42.98;;U' R F B L F2 R' D' U2 L2 D2 F U2 B' D2 F' R2 B D2;2019-03-10 15:29:20;42.98
358;36.92;;B R B2 L2 B2 L2 F U R D2 L' F2 R B2 U2 L2 B2 U2 R D2;2019-03-10 15:32:17;36.92
359;29.63;;B' R L F U2 B U R2 U2 L2 F2 L2 F D2 L2 B2 R2 B L;2019-03-10 15:33:34;29.63
360;40.68;;F2 L F2 R' D' L2 F' B2 D2 B2 L' U2 F2 R F2 U2 L2 D2 R;2019-03-10 15:34:48;40.68
361;37.40;;B2 U F2 L2 U' R2 F2 D' L2 U B2 L F' R2 B R F2 D' R' B2 D;2019-03-10 15:36:18;37.40
362;33.64;;R L2 D' L2 D F2 U2 B2 L2 U R2 F2 U2 R D R B F' D F' R2;2019-03-10 15:38:23;33.64
363;39.08;;F D2 U2 F L2 U2 F U2 F2 U2 F' U B' R' F' D' B2 R D U;2019-03-10 15:39:54;39.08
364;35.74;;U L' R' F2 R' B2 U2 L D2 F2 U' R' U' F2 D' F D U';2019-03-10 15:41:05;35.74
365;34.58;;B L' D2 L2 B U2 D F2 R D' L2 U' B2 D' R2 U F2 L2 B2 R2 D2;2019-03-10 15:42:17;34.58
366;33.17;;L D' B2 D2 B2 L2 F2 D' R2 F2 R2 D L2 F U B F R' D' L;2019-03-10 15:43:34;33.17
367;30.56;;U2 R B2 D' R F D F' R' F2 L2 U2 R U2 R' B2 R D2 L F2;2019-03-10 15:46:26;30.56
368;37.39;;L' F' R2 F2 R' F U' F L' U2 B2 R2 F2 R' D2 L F2 L' D';2019-03-10 15:47:29;37.39
369;30.03;;F' R2 F U2 R2 D2 F2 L2 B' L2 U' B2 D2 R B2 D F U R F2;2019-03-10 15:49:07;30.03
370;32.74;;B2 L2 B2 U L2 D' L2 U R2 B2 U R2 B' D2 U B' F' L2 U2 L' B2;2019-03-10 15:50:22;32.74
371;31.91;;R' F2 U2 L2 U2 R2 B2 R2 F2 U' R2 U' R' F' D2 L' D2 L' R2 F U';2019-03-10 22:27:03;31.91
372;42.37;;R U2 B' U2 B2 F' L2 D2 R2 F' R2 F L D2 U' L' R' F2 D2 B' U;2019-03-10 22:28:48;42.37
373;36.28;;B U L2 U2 R2 U2 B F2 L2 B U2 F D' U' B2 R' B' U2 R';2019-03-10 22:30:12;36.28
374;33.99;;D L F2 B R' F' U R B' U2 R2 D F2 L2 D2 L2 D' L2 D' F2 B2;2019-03-10 22:31:20;33.99
375;30.71;;F2 L D2 R F2 U2 D F' D2 R2 L2 D' F2 L2 U2 F2 D' L2 U2 R';2019-03-10 22:32:19;30.71
376;41.94;;B2 L' U2 L2 F2 U' R2 D' B2 U2 B2 R2 D2 L2 B R' F' L R U2 R2;2019-03-10 22:33:57;41.94
377;24.78;;U' D2 B F2 U2 F' L2 R2 F D' B L' U L B D U2;2019-03-10 22:35:05;24.78
378;39.42;;U F' L2 U2 F2 D B2 R2 D' R2 B2 U' L2 R2 B D2 R B' D' F' L;2019-03-10 22:36:25;39.42
379;37.73;;L' D2 F2 L2 B2 D' F2 D' L2 U B' L2 F' D2 L' U' F2 U';2019-03-10 22:39:18;37.73
380;39.57;;U F L2 B2 F2 D' F2 D U2 L2 F2 U F2 R' B D' L' D' B2 F U;2019-03-10 22:41:27;39.57
381;36.39;;R2 F2 L D2 B2 R2 U2 B2 U2 R' U' L2 B L' R' D' F' R' U2 L';2019-03-10 22:43:16;36.39
382;34.10;;L' B2 R' F2 L U2 L B2 R2 U2 F2 U2 B R' B2 D F D' U2 L';2019-03-11 22:53:18;34.10
383;30.43;;F2 U2 F2 U2 L2 R2 F' L2 F U2 L2 D B' L' R' U L2 R2 F' D L';2019-03-11 22:55:50;30.43
384;40.27;;D' R' D B2 L2 D' L2 R2 D2 F2 R2 U L' B L U2 L' F' D;2019-03-11 22:56:56;40.27
385;33.77;;U' R' D' B' U2 L' F B2 D' F2 D R2 F2 U2 F2 D F2 U R2 F D;2019-03-11 23:00:29;33.77
386;36.34;;L2 B2 D2 B R2 U2 L2 R2 B L2 F U' B2 R' D' B L F U' R' B';2019-03-11 23:04:35;36.34
387;35.52;;B' D F2 L2 U B2 F2 D' B2 D2 R2 U' F' D L' R2 F' U2 R U L';2019-03-11 23:10:45;35.52
388;35.71;;L2 U2 F L2 U2 B R2 D2 B2 F U R' D' U' L2 D B U2 R';2019-03-11 23:11:53;35.71
389;24.14;;F2 R' B2 U2 R' U2 L F2 R2 U2 B2 L2 U F U L' R F' R D;2019-03-11 23:13:23;24.14
390;31.03;;F2 L2 U' F2 U R2 D2 L2 D L2 U B' D R B' R' D U F;2019-03-11 23:15:11;31.03
391;35.11;;L D2 B2 L' B2 R' D2 L2 F2 U2 F2 B' U2 F2 L D' B F' U2 F;2019-03-11 23:17:20;35.11
392;38.73;;L' D' F' R' B2 R B U B2 D R2 D' F2 B2 U2 R2 B' R';2019-03-11 23:18:37;38.73
393;38.89;;F U2 B2 D L2 U' L2 F2 U2 L2 B2 D B U L B' L D2 R2 U L;2019-03-11 23:20:05;38.89
394;33.99;;L2 R2 U2 B2 D L2 U' B2 L2 D' L2 U R' B D B2 D B' L D F';2019-03-11 23:21:57;33.99
395;28.82;;B L2 B U2 L2 B2 R2 B2 D2 L2 F' L U' R D' B L D2 U2 L2 B';2019-03-11 23:23:14;28.82
396;38.76;;D F B R L2 F L U' F2 U F2 B2 R2 U' F2 U' B2 D' L B L;2019-03-11 23:24:32;38.76
397;38.90;;F2 R L' F2 U2 B' U2 F' U' R B2 L' U2 B2 L F2 U2 D2 F2 D2;2019-03-11 23:25:49;38.90
398;36.37;;F B' L B U F2 L2 F R' F2 U' L2 F2 U B2 U' L2 D B2 U R2;2019-03-11 23:28:18;36.37
399;39.92;;D R F' U B2 R2 B' R' D' B2 L2 U2 F B2 L2 D2 B D2 B';2019-03-11 23:29:36;39.92
400;38.07;;R2 D R2 B D2 L2 B' D2 F2 L2 B L2 B L U B2 L' F' U2 R;2019-03-11 23:30:57;38.07
401;38.80;;U B2 U' B2 D2 R2 F2 L2 U' B2 U B L U R' F' D U B2 L';2019-03-11 23:32:14;38.80
402;32.78;;L U2 F2 D2 U2 L' B2 D2 U2 L U2 D F' L' B' F L' U L2 R;2019-03-11 23:34:36;32.78
403;36.81;;U2 B' R2 D R B' U B' L2 U2 F2 U2 F' U2 R2 L2 F' L2 D B2;2019-03-11 23:36:55;36.81
404;35.30;;R2 F2 R2 B' R2 U2 F' D2 L2 F R2 F' L D R U' L D U2 R D';2019-03-11 23:38:17;35.30
405;33.98;;D F U2 R2 U' L2 F2 U L2 D R2 B2 U' B2 R B D2 L' F L2 U';2019-03-11 23:40:20;33.98
406;31.16;;U F D2 B2 U' L2 D B2 U2 R2 F2 L2 U R2 L U B' F' R' B D';2019-03-11 23:41:36;31.16
407;24.07;;F' D' R B' L2 D' L' F2 D' U2 R2 B' U2 L2 U2 R2 D2 B L2 F';2019-03-11 23:42:48;24.07
408;31.71;;R D B' L2 D2 R2 D' B2 D' B2 D2 B2 U' R2 F L D' R' B' U2 R2;2019-03-11 23:44:50;31.71
409;37.24;;B R2 U2 D R' F D2 B' U' R' D2 L' U2 F2 D2 L2 D2 F2 R;2019-03-11 23:46:00;37.24
410;31.35;;B D2 R U R2 U2 D' R' F2 U2 F D2 R2 F2 B R2 B' D2 F U';2019-03-11 23:49:34;31.35
411;34.31;;U' B' U2 L2 B2 L2 U2 R2 D' L2 U F2 B U F' R B' F2 U' L2;2019-03-11 23:50:46;34.31
412;33.32;;D2 R' U' F2 R2 F' D2 F2 U2 R2 B D2 F2 R2 L B2 F' D2 R D L2;2019-03-11 23:53:44;33.32
413;35.39;;F2 R2 U2 L' U2 R' D2 F2 R D2 R' F' R' F' D U B' R' B2 U2;2019-03-11 23:55:01;35.39
414;28.99;;U L F' U2 L2 U2 F' D2 R2 B' F' D2 U B2 L F2 U' B L';2019-03-11 23:56:23;28.99
415;29.74;;L F U2 R2 B2 U2 L2 F2 D' U2 L2 U F2 R F' D' L' D2 U2 B2;2019-03-11 23:58:59;29.74
416;36.67;;D' R F2 U2 L' D2 L2 D2 U2 R' U2 R U B' D2 L R F R' B' F;2019-03-12 00:00:24;36.67
417;34.83;;U L D B L F' U2 D' L' U2 L2 B L2 U2 D2 F' D2 L2 B D2 B';2019-03-12 00:04:04;34.83
418;30.37;;U' R F2 D' F D' R' L2 D R2 U D2 F2 B2 R2 D R2 D' B2 F';2019-03-12 00:05:26;30.37
419;36.61;;R2 D2 B2 L' R2 D2 L U2 F2 D2 R' U' L' B F' L' R D F U';2019-03-12 00:07:25;36.61
420;32.03;;F' D' R L2 F2 B D' R' L U2 L2 D' R2 D B2 R2 F2 U' L2 B2;2019-03-12 00:09:43;32.03
421;34.83;;L2 D' F2 U B2 L2 B2 D' B2 U L2 D L D2 U' L' B L F' D B2;2019-03-12 00:11:14;34.83
422;33.63;;U L2 B' R2 F' R2 F2 U2 L2 F D2 L' U' L2 R U R' B F R2;2019-03-12 00:12:34;33.63
423;38.53;;R2 B2 D2 B' L2 D2 B D2 B' F2 D2 F U' L2 F' R' U2 B D U' L';2019-03-12 00:15:31;38.53
424;28.29;;B' R' U' L2 F2 R2 U2 L2 U' L2 R2 U R2 B L' D' R2 B L' U2;2019-03-13 01:11:32;28.29
425;39.51;;L2 F2 U2 L2 F2 D2 L' U2 L U2 R' U2 F' L' F' U R' D F R2 D';2019-03-13 01:12:42;39.51
426;37.22;;L R2 D2 F2 L' F2 L2 B2 U2 F2 R' F' U' R F L F' L' D' L;2019-03-13 01:13:47;37.22
427;32.07;;B' U B2 D' B2 R2 D2 R2 F2 D' U' F' L B' F2 U R' B D F2;2019-03-13 01:16:02;32.07
428;36.37;;F' L' U' F' D F R B2 D F2 L2 D' R2 U' R2 B2 R2 D L2 F;2019-03-13 01:16:59;36.37
429;37.19;;L D R' U' R2 L B' U2 R U2 R' L2 F2 B2 D2 R2 F2 R' D2 B;2019-03-13 01:18:37;37.19
430;31.81;;R2 F' D2 L U' D2 B' D R' L2 D2 L2 F2 D' L2 B2 D2 F2 B2 D' R2;2019-03-13 15:16:57;31.81
431;34.98;;B' L' B2 L D2 U2 L2 R' U2 L' U' R' D2 U' B R2 D U;2019-03-13 15:18:04;34.98
432;30.90;;L F2 D2 B2 L2 B2 F2 U L2 U2 F2 U' F R U' F D2 F' R2 D2;2019-03-13 15:21:16;30.90
433;34.64;;R D L2 U' R2 D' L2 D B2 U' B' F U B R U2 L2 D' U2;2019-03-13 16:26:39;34.64
434;42.97;;R2 F2 D2 U2 R2 B' F2 D2 F' R2 D' L' B R2 F2 U B2 R' B U;2019-03-13 16:29:40;42.97
435;41.74;;U F D2 R' U B D R' U R2 B2 U2 R2 F R2 F2 R2 D2 B' D2 F2;2019-03-13 16:31:45;41.74
436;39.21;;B2 L B2 L B2 R' D2 F2 R2 U2 R2 U2 B' D R U B R' U' R2 F2;2019-03-13 16:34:11;39.21
437;32.63;;L' R2 F2 U2 F U2 R2 U2 R2 B' D2 B' R F L' D' B' L2 F' U2;2019-03-13 16:35:44;32.63
438;35.93;;B L R2 U2 F U2 L2 F R2 B U2 B' L2 D' F' L D F' R2 B';2019-03-13 16:36:46;35.93
439;34.67;;D L U R L U2 D' R L2 B2 L2 D2 F L2 D2 B R2 U2 B' U;2019-03-13 16:37:58;34.67
440;37.01;;B2 R' F2 B2 L' D F R U2 D' L2 B2 D L2 B2 R2 D2 R2 D' B2 F;2019-03-13 16:39:12;37.01
441;34.45;;R' D' L2 U' B2 D B2 D L2 U2 R2 B2 R' B2 U B D B U2;2019-03-13 16:43:19;34.45
442;33.75;;L2 R2 D2 U' L2 B2 D' F2 D2 B2 U' B' U' F L2 R B2 L B' R';2019-03-13 20:47:59;33.75
443;37.63;;U' R F2 U D' F' L' U R2 F' D2 R2 F' R2 F' R2 D2 B' R2 B2;2019-03-13 20:50:52;37.63
444;33.88;;D' F2 U' L2 D' B2 D' F2 U F D' U F2 L' R2 B' F U';2019-03-13 20:52:27;33.88
445;29.53;;B2 R F2 U' B2 U2 L2 R2 D' R2 B2 F2 D R B' U L D' B2 R2;2019-03-13 20:53:40;29.53
446;38.91;;F' U2 R B2 R B2 L2 F2 R' D2 U2 R F2 D' B' F' D' B2 D L2 R;2019-03-13 20:55:29;38.91
447;38.00;;R' L' F' R2 L F2 R2 L' U' D2 F' R2 F L2 F2 R2 L2 B' L2;2019-03-13 20:56:57;38.00
448;28.20;;L U2 B' D2 B U D' L' B' R F2 D2 R2 B2 L D2 B2 L' F2 L2;2019-03-13 20:58:32;28.20
449;30.62;;U' R2 U B2 U2 L2 R2 U L2 D R2 U2 B' F2 D R F R' U' B2 D;2019-03-13 20:59:37;30.62
450;32.33;;D2 B2 L B R' L2 U R2 F' D2 R2 L2 B' D2 F L2 F R' L2;2019-03-13 21:02:11;32.33
451;32.12;;R2 U B R2 F2 R D' L F' U2 F' D2 L2 F' R2 D2 F' U2 R2 F;2019-03-13 21:04:44;32.12
452;29.95;;B R F' R2 D B2 L2 U' F2 R2 D2 B2 U' R2 B' F L' B U B' D;2019-03-13 21:05:51;29.95
453;41.23;;U' B2 U L2 D F2 L2 D B2 R2 B2 F D' L D B F2 L R2 U' R2;2019-03-13 21:07:06;41.23
454;33.28;;R B' L' F2 B' U' F' R F' U2 F B R2 U2 D2 F' R2 D2 B2 D2;2019-03-13 21:12:03;33.28
455;30.92;;L U R' U2 R D' L2 U B2 R2 F2 R2 B U2 D2 F' D2 B' U;2019-03-13 21:13:13;30.92
456;29.34;;B2 R B2 R2 U2 R' U2 B2 U2 F2 R2 F' L' R2 D2 U B' D' U' F';2019-03-13 21:14:14;29.34
457;40.41;;U2 R2 B2 U2 B' U2 B' D2 F D2 R2 B2 U' B' D2 L' R' U L2 F2 U2;2019-03-13 21:15:50;40.41
458;34.96;;F' R' L2 F2 D2 B' L2 D2 U2 F2 D2 F' D U' R D' L B2 F';2019-03-13 21:17:01;34.96
459;32.51;;L2 U' D R' F R F' L' B2 U' L2 F2 U' R2 U' L2 F2 D2 F2 D;2019-03-13 21:18:13;32.51
460;37.11;;B F2 R D2 R' F2 R D2 F2 L2 F2 R D' B' F' L2 R D' R' U2;2019-03-13 21:20:38;37.11
461;32.35;;F L2 D2 F2 U2 B R2 B U2 R2 D2 U L F R2 F' D2 U R' B' F2;2019-03-13 21:21:48;32.35
462;37.74;;R U B' L2 B R2 F2 L2 R2 F L2 U2 F L B U' B2 L' B2 F;2019-03-13 21:23:10;37.74
463;33.95;;U' F D' U' F2 U' L2 F2 L2 F2 U' B F L B2 F D R F';2019-03-13 21:24:26;33.95
464;32.09;;B' D2 L2 F' L2 B' D2 F' D2 L2 B2 L' B' U' R F L R2 F L;2019-03-13 21:25:34;32.09
465;25.34;;B2 F2 D2 B2 L D2 R2 F2 R' F2 R B L2 B' U' R' B2 F2 R U2;2019-03-13 21:27:12;25.34
466;27.38;;U B D2 B' L F' B' R' D L2 F2 R2 D B2 U2 B2 L2 D' F2 B;2019-03-13 21:30:18;27.38
467;29.45;;R F' U B2 L2 B2 F2 D2 F2 D' F2 D' B2 L D2 B D' F R2 D2 L2;2019-03-13 21:31:22;29.45
468;27.90;;B2 U L D U2 L2 R2 B2 D' F2 L2 D F R F U' R U R';2019-03-13 21:32:20;27.90
469;41.56;;D2 L B R2 F2 U R2 D2 U' B2 D F2 U' F2 B' L' F R' D' F2 R2;2019-03-13 21:33:41;41.56
470;37.50;;F2 R2 D2 L' B2 L2 R' D2 B2 F2 R2 F' L' R2 U2 F U' F L D L;2019-03-13 21:35:33;37.50
471;39.92;;B' D' B2 U2 B' D2 B' U2 R2 F' U2 B U2 B2 D' F' L2 R' U' F2 L';2019-03-13 21:36:50;39.92
472;35.44;;L' U R2 L D2 B2 U F' B2 D L2 D' R2 U L2 B2 U R2 U2 B;2019-03-13 21:38:11;35.44
473;34.49;;U' L F' B' R U' F2 U L' R2 U F2 U D2 R2 L2 B2 R2 D L2 B2;2019-03-13 21:39:25;34.49
474;37.12;;R2 B' U L2 D L2 U2 R2 D' B2 U' L2 R2 U' F' R B' R' F' L' R;2019-03-13 21:40:45;37.12
475;33.56;;F2 R2 U L2 B2 D F2 D R2 F' D' L U2 B' L' U' B' D' U;2019-03-13 21:41:58;33.56
476;40.20;;U' D2 B2 U2 R2 D2 U2 R' U2 L B2 R2 F U' B F2 D' F L2 R';2019-03-13 21:43:11;40.20
477;30.11;;B R2 L F U' F2 R' B' U D2 F R2 F U2 B2 L2 F' R2 L2 B';2019-03-13 23:54:22;30.11
478;31.50;;R2 D2 B2 U2 B L2 D2 F R2 U2 F U' F' L' D' L' F R' D L2;2019-03-13 23:56:05;31.50
479;35.03;;U' F' U B' L2 R2 B2 U2 L2 U2 F' U2 F L2 D B2 L U2 B R2 F';2019-03-13 23:57:30;35.03
480;34.03;;B L D2 L' B2 D2 U2 L' D2 R2 U2 R' U' R2 F' L2 U' F' L' U2 B';2019-03-13 23:58:32;34.03
481;39.76;;U' R2 U' F' L' U R L F2 D R2 F2 U D R2 B2 U B2 U2 F;2019-03-13 23:59:33;39.76
482;32.42;;F U2 R L2 U R L2 B' R2 D F2 L2 B2 L2 D2 F2 U R2 U2 L';2019-03-14 00:00:42;32.42
483;36.78;;R U' F2 U F' L2 D2 L B U B2 L2 B2 D' R2 D F2 D F2 D;2019-03-14 00:02:04;36.78
484;31.68;;L' U R2 D F2 D2 L2 B2 U R2 U' R2 F U B2 R' D R2 D2 U';2019-03-14 00:03:19;31.68
485;37.91;;U B U' R F' B L' D F2 R F2 L' D2 L2 U2 R U2 F2 D2 R2 U';2019-03-14 00:05:28;37.91
486;38.63;;L D F2 U R2 F2 D2 R2 D L2 U L2 B U R2 U' F U' R' F D2;2019-03-14 00:06:30;38.63
487;34.39;;F U2 L2 D' F2 R2 D' R2 U B2 D R2 F L B R' B F2 D' B' L2;2019-03-14 00:07:42;34.39
488;34.56;;U' F2 D2 B U2 R2 B2 R2 F' L2 D2 F2 U B' L D2 F2 L' F' D2;2019-03-14 00:27:45;34.56
489;37.03;;L2 F2 L2 D' U2 R2 F2 U2 R2 B2 F' L' R2 U' R U' B U' F' U2;2019-03-14 00:28:52;37.03
490;40.00;;R2 B R' B2 R' U2 B2 L F2 U2 B2 R F2 B' D' F' R' U2 F' D F';2019-03-14 00:29:57;40.00
491;33.63;;B2 R F2 L' U2 F2 L' D2 R B2 R' B' D2 B2 L R2 U2 R' U' F2;2019-03-14 00:31:04;33.63
492;39.10;;B R2 F' R2 F D2 L2 F D2 L2 U2 D' R' D2 R2 U R2 F R' B2;2019-03-14 00:32:06;39.10
493;37.83;;D2 F2 R2 D2 F R2 D2 F R2 D2 L U B' L2 F' U' L2 R' D' L;2019-03-14 00:35:01;37.83
494;36.99;;U2 F L2 F' R2 F' D2 F U2 F2 D2 U' L D R B2 F R' B U B;2019-03-14 00:36:15;36.99
495;33.92;;F2 R2 B2 L F2 L B2 L' D2 B2 R U2 F D L' U R' B2 R' F U2;2019-03-14 16:32:36;33.92
496;31.14;;U' B2 L' D B U B2 R2 B' U2 R2 U B2 R2 D' B2 D F2 B2 U2 B2;2019-03-15 17:36:02;31.14
497;38.22;;D2 L2 D L2 U2 R2 B2 U R2 D' L F D R2 D2 R' B D2 U;2019-03-15 17:37:10;38.22
498;34.59;;D' L D2 L' B D2 B D R B D2 F B2 D2 L2 U2 L2 F L2 U2;2019-03-15 17:39:46;34.59
499;41.43;;R2 F U D2 F2 B D2 R' B D2 F2 U' R2 B2 R2 D B2 U2 R2 D R2;2019-03-15 17:40:54;41.43
500;39.78;;L' U' F2 R' F2 R' B2 F2 U2 L U2 R' U2 L F D2 U R' U R2 F;2019-03-15 17:42:09;39.78
501;37.09;;L F L2 D2 B2 L2 R2 F' D2 B' D2 L2 F' L U' L' R F2 R2 D F;2019-03-15 17:44:14;37.09
502;33.48;;U2 F' D' B' D R' U' B R' D2 R' F2 D2 L D2 R F2 U2 F2 L2;2019-03-15 17:45:14;33.48
503;38.96;;B U F2 L' U F' R F L2 F' U2 B' D2 L2 F D2 L2 U2 F2;2019-03-15 17:46:22;38.96
504;35.22;;D R U' D' R' F' U B R' D R2 U R2 D L2 B2 U B2 U2;2019-03-15 17:47:31;35.22
505;38.14;;L2 U' B2 L2 U' R2 F2 U B2 R2 U L F L2 B2 R U' B D' B;2019-03-15 17:48:30;38.14
506;38.35;;U' R' L2 U2 F2 D B2 U' R2 U F2 U' F2 L2 B' U' F' R' F R' D';2019-03-15 17:51:15;38.35
507;39.61;;F R' B2 U' B2 D B2 U' L2 D' R2 F2 U' F' D U' B R F L;2019-03-15 18:57:01;39.61
508;36.39;;F' R D2 U2 R' F2 L' D2 R' U2 L B2 R' D' F R2 B' D B U';2019-03-15 18:58:09;36.39
509;32.22;;U2 F2 R2 B2 R2 U2 F U2 F' L2 D2 F' U B' R' F R2 B U B';2019-03-15 18:59:53;32.22
510;36.36;;D L2 F2 L2 F2 D' U2 L2 U B2 R2 L' D' L' U' B' D R U L;2019-03-15 19:00:48;36.36
511;34.12;;L D B2 D' R2 D R2 U2 F2 D' R2 U' B' D2 F R D F U' R;2019-03-15 19:01:56;34.12
512;41.30;;D2 R U2 B2 L' D2 U2 R' B2 L F2 D2 U' B' R2 U2 L2 R U2 R';2019-03-15 19:02:53;41.30
513;35.72;;F U2 L2 U2 L2 F' L2 D2 F D2 R2 L' F2 D' R2 U' B' L2 F D2;2019-03-15 19:03:59;35.72
514;31.52;;R2 D L2 U' B2 U R2 D2 U' R2 B' L B2 R F L' D2 B D';2019-03-15 19:05:06;31.52
515;40.73;;R2 B F2 R2 B U2 L2 U2 B F2 R' B D U L' F U2 F U2;2019-03-15 19:06:28;40.73
516;34.57;;F2 R2 D L2 F2 U R2 U' L2 U F2 U' R U2 F L2 B2 F' U' B L;2019-03-15 19:07:45;34.57
517;39.70;;D2 R2 F2 L2 R2 D2 U B2 L2 U' R2 L' D2 F L D U2 R2 F2;2019-03-15 19:08:50;39.70
518;31.21;;D2 L' B2 F2 D2 F2 U L2 F2 U2 F2 D' B2 U' F R' F2 D2 L F' D2;2019-03-15 19:10:06;31.21
519;40.40;;R' U F2 B2 D F' L F2 U' L2 F2 D' B2 D' F2 U' R2 L2 U B' R;2019-03-15 19:11:12;40.40
520;36.18;;U2 L2 R2 F' R2 U2 B2 F L2 D2 F D R' F' U B' R D F2;2019-03-15 19:12:14;36.18
521;36.21;;D2 L2 B2 L2 R2 D F2 R2 U2 R2 D' R' B L B D B F2 L D2 U;2019-03-15 19:13:26;36.21
522;36.29;;B U R2 B' R' U F U2 B2 D' L2 U B2 R2 U2 L2 D L2 D2 R B;2019-03-16 21:34:58;36.29
523;33.63;;D2 B2 R2 D2 F2 D L2 D2 L2 B2 F R' U' L D F' U2 L2 R B';2019-03-16 21:36:58;33.63
524;33.40;;F2 U' F2 U F2 D L2 D B2 U2 L2 R' U2 B' R2 D' F2 D' B;2019-03-16 21:39:23;33.40
525;37.31;;U2 F2 L2 U B2 U F2 R2 U B2 U2 L B2 L' F' U' B' L2 D R F;2019-03-16 21:40:25;37.31
526;38.89;;B2 D2 L2 U' F2 D' L2 B2 R2 U2 B' L' D L2 F D2 L' U' L2 U2;2019-03-16 21:43:09;38.89
527;32.14;;D' L F2 U' R2 D2 L2 F2 L2 B2 R2 U L2 U' B' L2 U' R B2 U R;2019-03-16 21:44:18;32.14
528;34.08;;R' U L' B2 U2 L2 F2 D2 F2 D2 L' U2 L B L F' D' F2 R' B';2019-03-16 21:48:41;34.08
529;38.34;;D U2 F2 L F2 R' D2 U2 F2 U2 F2 L2 R' F' R' B2 L B D F2 R;2019-03-16 21:49:51;38.34
530;34.08;;U L2 U R2 D' L2 B2 U' L2 B2 D' R2 B U2 F2 R' D B L' R';2019-03-16 21:50:58;34.08
531;38.57;;B' D B2 D' L2 D' B2 U2 L2 B2 U B2 D2 B' L R2 B' D L D2 R;2019-03-16 21:52:03;38.57
532;40.36;;R2 U L2 D B2 D R2 D' R2 D2 L B2 F' U2 L F' U2 L' D;2019-03-16 21:53:37;40.36
533;36.27;;U2 R2 F U' F B L' D' B' D2 R' U2 R B2 U2 R L' F2 R B2 L2;2019-03-16 21:54:59;36.27
534;27.07;;D2 U2 R2 B' R2 B F2 R2 B' R2 D2 R2 U L' B D2 R2 F' R2 F' L;2019-03-17 00:03:44;27.07
535;34.09;;B' D2 L2 D2 B R2 D2 R2 F' D' L' D2 F U' B' R' D' B;2019-03-17 00:04:37;34.09
536;36.54;;L F' B2 R2 B2 D B2 D B2 L2 B2 U2 L2 F L' B D' R2 B L2 R;2019-03-17 00:05:45;36.54
537;34.35;;R' U' L2 D B2 F2 D B2 D2 U B' L B2 D B U' L2 F U2;2019-03-17 00:06:58;34.35
538;27.46;;B' R2 F' B2 D L2 D' R2 B2 L2 B2 R2 D2 R U' L R2 D L' B';2019-03-17 00:07:59;27.46
539;37.23;;F B R B2 D' R F R U2 L2 B D2 F L2 F B L2 U2 F2 U';2019-03-17 00:09:08;37.23
540;36.38;;B' L2 R2 U R2 B2 F2 U2 F2 U F2 U' B' R D U B' F2 R U' B';2019-03-17 00:10:56;36.38
541;29.30;;F2 U2 B2 U' F2 R2 F2 D2 R2 U2 L B' R' U L2 U2 L' U' F2;2019-03-17 19:52:07;29.30
542;37.89;;D2 L' F2 L' D2 F2 L2 B2 L2 R' F2 D' R' F' D B' R F U2 L F;2019-03-17 19:53:01;37.89
543;34.08;;F2 R' L2 F2 U R2 D F2 U2 L2 F2 D2 L F R2 D2 R2 B2 U2 B';2019-03-17 19:54:09;34.08
544;40.84;;D' B' L2 D' L F' L D B2 D L2 D B2 D R2 F2 D2 B2 U' L;2019-03-17 19:55:16;40.84
545;29.52;;U2 B2 U' R2 U' R2 B2 D' F2 B' R D' B D' R2 D' F' L';2019-03-17 22:07:11;29.52
546;37.12;;D B' L2 D' L2 D' L2 R2 D2 L2 F2 D U' B L F D2 B2 R F' D2;2019-03-17 22:08:35;37.12
547;32.59;;B' D' R' D2 B U R' D2 R2 U2 R2 B' L2 F2 D2 L2 D' B';2019-03-17 22:09:52;32.59
548;30.77;;B' L F R2 D' F2 D L2 U F2 D2 L2 U' B U2 L' F D2 B2 L';2019-03-17 22:11:52;30.77
549;33.22;;L D L2 R2 D' B2 F2 U B2 D' U2 B2 L F2 R2 D B' L' R2 F' U2;2019-03-18 15:30:48;33.22
550;34.78;;D2 F R' B' R B' D' L2 U2 B2 L' U2 B2 R B2 R' F2 D2 B' L';2019-03-18 20:59:44;34.78
551;26.93;;B' L' F2 L2 R D2 R' B2 D2 B2 R' U2 B' U L B D2 L' B U;2019-03-18 21:00:46;26.93
552;32.77;;U2 B2 F' L2 U2 R2 U2 R2 B R2 B' D2 R' B2 F2 U B L2 R B2 D2;2019-03-18 21:01:41;32.77
553;42.18;;U2 R F2 R F2 R F2 U2 F2 L B2 R2 D' F2 L R F' L' D B R;2019-03-18 21:05:46;42.18
554;37.26;;U2 F' U2 B2 U' B2 F2 L2 U L2 R2 D' L B D2 B' U R' D2 U2;2019-03-18 21:07:31;37.26
555;38.32;;D B2 R2 D B2 D' R2 D R2 B2 R2 B U2 F' R' U2 L' F' R' U';2019-03-18 21:11:37;38.32
556;34.72;;L' F2 R2 B2 R2 D U L2 D' R2 D' L2 F2 B U' F2 R U2 F' D' L';2019-03-18 21:12:39;34.72
557;30.76;;B U2 R U2 R B2 L2 U2 L F2 L' B2 U' L' D2 F' R' B2 D' R2;2019-03-18 21:15:45;30.76
558;34.61;;L2 B' D F B2 R' U' B' R' U2 B2 R D2 L' U2 F2 B2 R B2 L2 B';2019-03-18 21:20:38;34.61
559;36.27;;D F2 U R2 F2 R2 D' R2 U' B2 L2 R U2 F' L' D L F R2 B U;2019-03-18 21:59:54;36.27
560;41.35;;D2 B2 D2 B2 F2 L' B2 F2 R' F2 R U R2 F' D2 F D' L' R' B;2019-03-18 22:02:53;41.35
561;25.44;;B' U' F2 U F2 D F2 U B2 R2 U' L2 R2 B R' D2 L2 D' R' B' L2;2019-03-18 22:04:06;25.44
562;37.16;;L2 B2 L' B2 R F2 L U2 L U2 B2 U R2 B' F' R U2 B D F2 L2;2019-03-18 22:05:14;37.16
563;33.39;;F' U2 B2 L' B2 R2 F2 D2 L' R2 B2 F2 R' F' U L R U2 B' F' L2;2019-03-18 22:06:32;33.39
564;34.12;;L2 D2 B' L2 F' R2 B D2 L2 B L2 D' F U2 L' D L' B' D' B' R';2019-03-18 22:09:59;34.12
565;33.33;;U L' D F L B' U2 L D F2 U2 R D2 R D2 L2 U2 R' U2 R;2019-03-18 22:11:06;33.33
566;29.09;;B' R F' D' L2 D2 F2 U F2 U B2 R2 F2 R' D B2 F U2 R D2;2019-03-18 22:24:16;29.09
567;35.70;;U2 R2 B U' B' D' F' R U' R' F2 B2 R' B2 L' D2 R' U2 L B2 R';2019-03-18 22:25:36;35.70
568;41.01;;D2 B R2 F2 D2 F U2 F' R2 F2 L2 F2 U F D U B2 L B R B2;2019-03-18 22:26:43;41.01
569;35.13;;R U L2 R2 F2 R2 U F2 D' R2 F2 R' U2 B' L D' F D' F U;2019-03-18 22:27:56;35.13
570;40.14;;D2 R F D2 L' D B2 R U D B2 D' L2 U2 B2 L2 B2 U R2;2019-03-18 22:29:04;40.14
571;28.80;;B F2 R2 D L2 D2 L2 B2 D' L2 U2 R' B' R U2 B' U F' L;2019-03-18 22:30:08;28.80
572;25.88;;D2 R2 D2 B2 U2 B' R2 B' L2 B D2 B' R' F2 D' B L' B' F2 L' F';2019-03-18 22:31:12;25.88
573;34.16;;F2 L2 U2 L' D2 F2 R2 U2 F2 R D2 U R B' U2 L' B U' B D;2019-03-18 22:32:07;34.16
574;29.98;;F D2 F' U' R L2 F' L F' U2 F2 U R2 D' R2 F2 B2 U' F2 D2 L2;2019-03-18 22:33:11;29.98
575;37.45;;D2 B2 R' B2 U2 L2 F2 R B2 R' U' R F' U B' D' U L U';2019-03-18 22:34:25;37.45
576;40.74;;F2 L2 B2 L2 D2 U' R2 F2 D L2 F D L R D' B' L' D F U2;2019-03-18 22:35:26;40.74
577;33.62;;R2 D2 B' U2 F D2 F D2 B' R U2 B L' D F2 R' D' U' F;2019-03-18 22:36:36;33.62
578;30.81;;R2 D L2 F2 R2 U' R2 U' L2 U2 B2 D2 B' F' L B D' B2 L2 R D;2019-03-18 22:37:36;30.81
579;37.33;;B2 U2 F2 L2 R2 D' F2 D' B2 D B2 U' L' F2 D2 L' U' R U' B';2019-03-18 22:38:48;37.33
580;33.08;;R F2 L2 U2 F2 U2 B2 L2 U2 R B2 U' R2 B' L D' L2 U B D;2019-03-18 22:39:57;33.08
581;42.22;;F R2 B R2 U2 R2 U2 B R' D B2 R2 D' R U B L B;2019-03-18 22:42:35;42.22
582;33.91;;B2 D' R2 B2 U2 B' L2 F D2 B L2 F' U2 R2 D' R' B U' L2 F' D2;2019-03-18 22:43:58;33.91
583;32.96;;L B2 D2 R2 F2 L2 R' D2 F2 R2 F2 R' B L2 R' F R' D B' F D2;2019-03-18 22:44:57;32.96
584;32.08;;F L' D2 R2 F' L2 B2 U2 L2 U2 F D2 F2 U' R B D' B' D F';2019-03-18 22:47:34;32.08
585;41.63;;B2 L2 F2 U' L2 R2 U' F2 U' L2 U R2 B D2 B2 L D2 B D' B' F;2019-03-18 22:48:31;41.63
586;36.50;;L' U2 L2 D2 U2 L U2 F2 R' B2 L' B' F D L' U B2 F' D' F';2019-03-18 22:49:38;36.50
587;31.47;;L2 B2 U2 L U2 L2 F2 L F2 D2 R' D L' B' U2 F' U' F2 U;2019-03-18 22:50:53;31.47
588;35.52;;D L2 D' B2 U R2 B2 U2 L2 F L2 B' U2 R D' U L' B2;2019-03-18 22:51:58;35.52
589;34.84;;L U B U' R F D2 L U B2 U B2 R2 L2 U2 R2 D F2 B2 D';2019-03-18 22:52:56;34.84
590;41.51;;B' U2 F2 R' D2 L D2 L B2 L B2 U2 R2 F' U' B2 U F2 U' R' B;2019-03-18 22:53:59;41.51
591;36.05;;F R2 D2 U2 R B2 R2 F2 L' U2 B D B U' L2 D2 U2 F;2019-03-18 22:55:03;36.05
592;36.41;;D' B' D2 F2 U2 B F U2 L2 F' U2 F' U' B R' B' F' R D F2;2019-03-18 22:56:02;36.41
593;34.40;;F2 R F2 L U2 B2 R' D2 F2 L U2 B' U F2 L' B2 R' F' D2 L';2019-03-18 22:57:02;34.40
594;40.66;;L2 U2 F2 U B2 U' F2 U F2 L2 B R' F' L' U2 R' U R' U;2019-03-18 22:58:02;40.66
595;28.83;;L' F U F2 D B' D2 R F D2 R F2 R' U2 L U2 L D2 F2 D2 F2;2019-03-18 22:59:11;28.83
596;35.59;;L' U2 L2 U' B2 D B2 R2 U' L2 D B2 F' L' D2 U L' F' L R2 B;2019-03-18 23:00:41;35.59
597;31.92;;F' L U2 L2 F2 D' U2 L2 D' L2 R2 U' L' U2 R' D' B2 L' B;2019-03-19 13:03:12;31.92
598;32.03;;U2 D' B R2 D' L2 B F2 U2 F2 L F2 U2 R2 U2 D2 R' U2 R' U' L';2019-03-19 13:06:02;32.03
599;30.97;;U' L2 D2 L2 R2 F2 U' L2 D2 F2 L' D2 B' L2 R' B' D' L D' F;2019-03-19 13:06:59;30.97
600;32.83;;D' L D L2 D F2 U R2 U2 L2 D' U2 L2 R F' R2 D2 L R2 B2;2019-03-19 13:08:00;32.83
601;40.33;;B' L2 U2 B2 U2 B D2 B' R2 F L F2 D' F' U' R' U R' U R;2019-03-19 13:10:13;40.33
602;31.47;;D2 R' L2 B2 D R2 U F2 U' L2 U' L2 F2 R' F L' F2 L2 B2 L';2019-03-19 13:11:16;31.47
603;32.60;;D2 L F' L2 B' D B' R' U F2 U2 F B D2 L2 F' D2 R2 F' U2;2019-03-19 13:12:16;32.60
604;32.60;;R F2 L' F L' D L F R2 F2 L2 F2 U L2 U F2 U' D' R2 U';2019-03-19 13:13:10;32.60
605;28.36;;U2 F L2 D2 R2 D2 F' R2 B2 D2 R2 B R F L2 U' L' B' F2 D U';2019-03-19 13:14:13;28.36
606;26.30;;D' F D2 U2 B2 L2 F' L2 F R2 U2 F' D2 L' F2 D' B' L F2 R F2;2019-03-19 13:15:06;26.30
607;33.47;;U L U D2 F2 L2 U2 B D2 B' R2 D2 R2 F D' B' D2 R U' B D;2019-03-19 13:16:46;33.47
608;26.65;;U' D2 R' B2 F2 R D2 L' F2 R2 U B2 U2 B' U' B' F' U';2019-03-19 13:17:47;26.65
609;34.69;;F2 R2 D B2 U' L2 D R2 F2 D2 F2 U' B L R' B' U2 R U2 L2 U';2019-03-19 13:18:39;34.69
610;33.31;;L' D' B2 R2 U2 B2 U2 L' F2 R' B2 F2 R D L2 R2 F' L B2 L2;2019-03-19 13:19:49;33.31
611;34.16;;L B U2 F D2 R L2 U' F U2 D2 L F2 L B2 R2 F2 L2 D2 L' U2;2019-03-19 13:20:52;34.16
612;33.06;;D' F2 R2 U' F2 D2 L2 D B2 L2 U' B2 F' D2 L F' R' B' L U' L;2019-03-19 13:24:40;33.06
613;33.26;;L D2 F' R L' B U F D2 B2 D2 B' U2 D2 B2 L2 F R' D;2019-03-19 13:25:43;33.26
614;38.89;;L2 F2 R' B2 F2 U2 L U2 R F2 R2 B' R F2 D L' R B' U B' R2;2019-03-19 13:26:54;38.89
615;32.58;;F2 D2 L U2 F2 R2 U2 B2 R U2 F2 R' U' F' R' U B2 F D2 L' R;2019-03-19 13:27:55;32.58
616;34.82;;R2 D R2 U B2 U L2 U' R2 U L2 U F' L R U' B' D2 L2 D' U2;2019-03-19 13:28:53;34.82
617;32.33;;L2 D2 R2 U2 R2 F2 U' L2 F2 U F U F2 L' R' F' U' F L2 R';2019-03-19 13:36:25;32.33
618;36.59;;F2 R2 U' L2 U' R2 D L2 U B L R2 D' F2 R F' D2 R2 F;2019-03-19 20:13:28;36.59
619;32.36;;L U F' D2 L2 D L D' F' R' D2 R' B2 R2 U2 L U2 B2;2019-03-19 20:13:38;32.36
620;34.95;;L U2 L' B2 D F L D2 F2 B2 D' F2 D L2 U' F2 D' L2 U F' R;2019-03-19 20:13:38;34.95
621;35.71;;L' F2 U L2 B' R2 U2 R' U R2 L2 F' B' D2 R2 B L2 B R2 F';2019-03-19 20:13:42;35.71
622;32.06;;D B' U R2 F2 U F' R' L2 F2 U' F2 U2 L2 D R2 D' L2 B2 R';2019-03-19 20:13:49;32.06
623;37.94;;R F D2 B2 D2 U2 R2 B' D2 F' D2 F R2 U' B2 U B' F2 L D U2;2019-03-19 20:18:21;37.94
624;39.78;;L' B' L2 U' R2 U R2 D R2 D' L2 R2 F U' R' B U' L2 R2 F';2019-03-19 20:21:15;39.78
625;28.92;;U' B' U' D' F2 L F2 B' R' F2 R2 U' L2 U2 F2 U' R2 D L2 B2;2019-03-19 20:23:48;28.92
626;36.28;;L2 D2 B2 U2 F2 L U2 L2 D2 B2 D' F' L' D U' L F D' L B';2019-03-19 20:26:27;36.28
627;28.04;;F B2 D L2 R2 U L2 F2 D L2 U F2 U' B' D F' L2 R D U2 R;2019-03-19 20:28:35;28.04
628;32.89;;B2 U D2 R D2 R' B2 L' U2 R2 D2 U2 F2 D' F L' F U2 F' L R;2019-03-19 20:29:36;32.89
629;33.02;;B' L2 B' U2 F' L2 D2 R2 U2 B D2 F2 R B2 R2 U' B U2 L2 R' B2;2019-03-19 20:37:38;33.02
630;28.94;;D L2 B2 R F2 R U2 F2 U2 B2 R' F' U R F' L' D L D;2019-03-19 20:38:41;28.94
631;24.16;;D2 R2 D2 B2 D2 B L2 F D2 B' L2 U2 R B' L' F' L2 D L' B' F';2019-03-19 20:39:52;24.16
632;28.75;;R2 D2 L2 D' U' F2 D F' D B' F2 R' F D2 R' B D';2019-03-19 20:41:32;28.75
633;33.54;;B R D F' R U L D R2 U2 B' L2 B2 L2 D2 B' R2 B L2 B' U';2019-03-19 20:42:48;33.54
634;37.32;;R' B U L2 U2 B2 D' L2 D' L2 U2 B2 U' L D2 F' R2 D R2 U' R2;2019-03-19 20:44:17;37.32
635;27.69;;R2 F2 L F' L2 B2 U2 L2 R2 B U2 F R' U R' D L' B2 F';2019-03-19 20:45:23;27.69
636;38.78;;L2 R2 F2 L2 D R2 D F2 D' B2 L2 F' U' R F L D2 B R' B2;2019-03-19 20:46:41;38.78
637;37.93;;F D B' U F2 U R F L2 D2 F2 L2 D' R2 U R2 F2 L2 F2 U2 R;2019-03-19 20:47:48;37.93
638;33.90;;R' U' B U2 F' D' F D' F2 R' D2 L' U2 F2 R' B2 U2 B2 U2 R D';2019-03-19 20:48:54;33.90
639;38.65;;U2 L U2 R2 D F2 L2 B2 L2 D B2 F2 R F' L U R F' L2 D';2019-03-19 20:50:00;38.65
640;34.29;;F' L2 D L' B D' L F' U R B2 R' F2 L B2 R' U2 L B2 R;2019-03-19 20:51:24;34.29
641;29.95;;U2 R2 D U2 B2 U' F2 L2 D F L R2 U B R U F U F';2019-03-19 20:52:19;29.95
642;35.48;;L' D B2 L2 B2 U' R2 F2 D F2 R2 U2 L' U2 L' U F D L2 U2 F';2019-03-19 20:58:14;35.48
643;26.05;;F2 R2 B2 D' F2 D2 U L2 B2 D2 L2 B' D L D2 B U' R B U;2019-03-19 20:59:15;26.05
644;29.31;;F2 L2 D F2 D L2 U R2 F2 L2 B' R D' L' R' U' F' L' D2;2019-03-19 21:00:10;29.31
645;33.28;;D2 U2 R2 B' R2 B' R2 U2 L2 D2 F2 U' L2 B' L F' D R2 U' B2;2019-03-19 21:01:26;33.28
646;35.76;;F2 L2 F2 D L2 R2 U2 B2 D' B2 R' D2 U2 F' D B L R' F;2019-03-19 21:02:38;35.76
647;29.58;;L' U' D' F' R' B' L U R2 D B2 U' L2 D B2 D2 R2 U' R2 B' D;2019-03-19 21:03:42;29.58
648;34.48;;B' R2 B' F2 L2 R2 U2 F' D' F' L U' L' B L D2 U' F';2019-03-19 21:04:38;34.48
649;34.36;;R' B' R2 U L2 D' B2 D' U' F2 B' U' B U2 R' F2 U L2;2019-03-19 21:05:50;34.36
650;31.55;;L' F2 R B2 L F2 L2 U2 F2 D2 F2 R2 U' R D2 L U' R2;2019-03-19 21:07:00;31.55
651;29.70;;R2 D R2 U2 L2 R2 F2 U L2 U2 F2 U2 R' U' B' U' L D U' L2 U';2019-03-19 21:25:47;29.70
652;26.85;;D' L2 F2 U2 R2 D' F2 U' F2 D' F2 D B D R2 B2 R2 D' B L' R';2019-03-19 21:26:46;26.85
653;32.43;;B' L' B' D2 B L' U F L2 B2 D F2 R2 B2 D2 R2 U' B2 U L;2019-03-19 21:30:02;32.43
654;30.18;;B R U' R L B' D' U2 L' U2 L' U2 L' F2 B2 L' B2 R' D2 F L';2019-03-19 21:31:39;30.18
655;25.68;;D F' D F2 U' R2 F2 U B2 R2 F2 D' L2 U2 F D F' D U2 R F;2019-03-19 21:32:40;25.68
656;29.38;;D' F2 R D2 F2 L D2 U2 R U2 L B2 F2 U' L' D2 B' U2 F U' F;2019-03-19 21:33:38;29.38
657;37.06;;D R F U B R B' R U F2 U B2 R2 D' B2 R2 D' L2 B2 L2;2019-03-19 21:36:02;37.06
658;33.66;;U' R F2 U B L' F2 U B' U2 L2 D B2 U' F2 B2 U2 B2 D B2;2019-03-19 21:37:07;33.66
659;36.19;;L2 R2 B D2 L2 F' D2 B' U2 B D2 R' F L2 U L' D U R2 B' L';2019-03-19 21:39:24;36.19
660;31.74;;D2 L B2 L D2 R' B2 L' R' D' R U B D2 F2 U R2 D';2019-03-19 21:41:03;31.74
661;35.65;;F2 D2 U L2 R2 F2 L2 U' R2 U L2 F U F2 L R' B F2 L U;2019-03-19 21:42:27;35.65
662;30.58;;R2 F L D L2 R2 U' R2 D R2 D2 U' R F' L2 F U B' F;2019-03-19 21:43:37;30.58
663;37.83;;D' B2 D2 B2 F2 L D2 U2 B2 R D2 R2 D B' L R' U' R2 B U';2019-03-19 21:44:31;37.83
664;26.84;;D R B' L2 F L2 B2 R2 D2 B D2 F U2 R2 D B' U L' B' D;2019-03-20 20:32:24;26.84
665;35.38;;D2 F L2 U R2 U2 L2 F2 D L2 B2 U F2 R2 L' F R D' U' F' D2;2019-03-20 20:35:36;35.38
666;31.53;;F D' F R2 F D2 B' U2 B' F2 L2 U2 B' L' D' F' L' D' L2 F R';2019-03-21 10:28:12;31.53
667;32.03;;U' D2 F2 R' D' B U2 R' L2 B L2 B2 D R2 D' B2 U' L2 U2 R2 D;2019-03-21 10:28:15;32.03
668;34.57;;B' L' F2 R' F2 D2 F2 R2 F2 R' U2 D' L' B' U L2 U2 F R';2019-03-21 10:28:17;34.57
669;35.73;;L2 U D2 R2 B U2 F R2 B R2 B' U2 B D' B2 D' L R' B D2 F2;2019-03-21 10:28:23;35.73
670;30.60;;F' L U' F R' F' U' D' B' D' F2 D' B2 U' R2 U2 L2 F2 R2 L2;2019-03-21 10:28:32;30.60
671;30.64;;D B2 R2 B2 F2 U' R2 D2 R2 U' B2 U L F' U' L R' U' B' D2 L;2019-03-21 10:28:39;30.64
672;34.09;;B2 D' L2 B2 L2 F2 U' B2 U L2 B D2 R F' L2 D F L2 D2;2019-03-21 21:29:48;34.09
673;25.50;;B2 F2 L' D2 L B2 R' D2 F2 L2 R' U' B U2 L2 B U' L2 U2;2019-03-21 21:31:35;25.50
674;35.11;;U D2 B' L2 F' D2 B L2 F' L2 U2 B' F2 U' R' F' U2 B F2 L' U2;2019-03-21 21:35:35;35.11
675;34.03;;D' B2 U F2 L' B R2 U L2 D B2 U B2 U2 R2 U' F2 D' R' F;2019-03-21 21:37:13;34.03
676;36.12;;D' L2 D' F2 U2 B2 L2 D' R2 U B2 U R U' L2 U2 B2 D2 L' F U';2019-03-21 22:01:20;36.12
677;31.79;;F D R' L' U' R F' R2 D R2 B D2 R2 U2 D2 F L2 B R2 D2 F2;2019-03-21 22:02:36;31.79
678;35.14;;B L2 R2 F' D2 U2 L2 U2 F' U' R D U2 L' B' F D' U';2019-03-21 22:03:53;35.14
679;36.37;;R' F R2 D F2 L2 F2 U2 L2 U L2 B2 F2 L' B' R' D' B F2 R B';2019-03-21 22:05:02;36.37
680;29.00;;U L' B2 L2 U' F2 U2 L2 R2 U' L2 U2 B2 F2 R' F L2 U' L U R;2019-03-21 22:06:11;29.00
681;30.52;;L' B2 F2 U' R2 D2 L2 F2 D' F2 D' R2 U F U B D R2 D2 L' D';2019-03-21 22:07:10;30.52
682;26.95;;U2 L B2 L' F2 R' D2 L2 R' F2 R2 U R F2 R B' R B' F' U;2019-03-21 22:08:17;26.95
683;35.78;;F2 U L2 R2 U' L2 F2 U' R2 U' F2 L' D2 U' B' R F D R D2;2019-03-21 22:10:21;35.78
684;35.96;;R D2 U F' R2 B R2 B D2 F R2 B L U R' B F2 U' R';2019-03-21 22:11:22;35.96
685;32.42;;F2 L B2 D R2 B2 U R2 F2 D2 L2 R2 U' R2 L' U R U2 R B D;2019-03-21 22:12:34;32.42
686;31.89;;F' R D B U F' U R' F D2 F' U2 F' R2 B U2 B' D2 F2 D2;2019-03-21 22:15:35;31.89
687;34.97;;D2 L' F B2 D' U' B2 U' F2 R2 U' B2 R2 F L2 D2 F' L F D;2019-03-21 22:16:35;34.97
688;33.40;;U' R2 U B2 L2 U' F2 U' L2 U2 F2 L U' F' D' B' U L2 F2 R2;2019-03-21 22:19:30;33.40
689;39.65;;U2 B2 F2 R2 D R2 U' L2 B2 R2 U2 L' B R2 B' R D L2 D2 B' U';2019-03-21 22:20:37;39.65
690;38.43;;U F2 R2 U' L2 R2 F2 D L2 R2 D2 F' L D2 F' D' U2 B R2 F U';2019-03-21 22:21:42;38.43
691;29.56;;U L2 F U2 B' R2 F R2 D2 B' L2 F' D' L' F' R' B' F' D U;2019-03-21 22:22:47;29.56
692;36.52;;U' R2 D' F2 D L2 U L2 R2 D2 U' F2 L' R U' R F2 R2 D B' R2;2019-03-21 22:23:44;36.52
693;33.30;;F2 U' B2 D2 L2 U' L2 D' L2 R2 U2 L2 B U' R' B2 U2 L' U' F' U;2019-03-21 22:25:19;33.30
694;30.62;;L' U2 L2 B D2 B U2 B R2 B' R2 F R2 D B' L2 U R D' U2 L';2019-03-21 22:26:26;30.62
695;36.69;;D L' D L2 B2 U2 B2 U2 L2 F2 U' L2 D' B D2 L' F' R' D2 B2;2019-03-21 22:27:54;36.69
696;30.25;;R2 F2 U L2 R2 B2 L2 D' L2 U' F2 B R' F L' B L' D' L2 R F';2019-03-21 22:30:31;30.25
697;23.98;;R L2 D' R2 B2 U L2 R2 B2 D B2 R2 L B2 F' R2 D' U B' U';2019-03-21 22:31:36;23.98
698;38.19;;F L' D2 F' L2 F L2 R2 F U2 L2 F' U2 L2 U' B L' F2 D' R2 U';2019-03-21 22:46:35;38.19
699;33.45;;D2 F' B' R' D' R' F U2 R2 D2 F2 L F2 L' U2 R F2 L B2 U';2019-03-21 22:47:35;33.45
700;31.78;;D U2 B2 L U2 B2 R U2 L B2 R' F2 D' B' L F' U B F R2;2019-03-21 22:48:30;31.78
701;33.41;;B2 U' B2 D2 B2 F2 D' L2 U2 L2 B D L2 B D' L U R U2 B';2019-03-21 22:49:29;33.41
702;28.42;;F R F L' U' L' D' F D2 L2 B2 L2 U' F2 D' L2 D2 F2 R2 L2 B;2019-03-21 22:51:14;28.42
703;31.82;;B' U L' B2 F2 L2 B2 R' B2 R U2 R D2 U' L B' F U' B' L;2019-03-21 22:52:16;31.82
704;34.12;;F2 D2 L F2 R B2 L F2 L D2 L2 D2 F D B' D' R' B2 D' U' B2;2019-03-21 22:53:24;34.12
705;35.93;;R2 U' L' B' D2 F' U' R' D' F R2 B U2 F D2 B' L2 U2 F2 R2 L2;2019-03-21 22:54:27;35.93
706;37.80;;U' F2 L2 R2 D R2 F2 U L2 U2 L2 B2 R B' F' D B' D B;2019-03-21 22:55:28;37.80
707;30.30;;D2 F2 U2 L' D2 R2 F2 R B2 U2 R B U2 B2 R U' B2 U L2 D2;2019-03-21 22:56:30;30.30
708;28.21;;U' B2 U F2 L2 D L2 R2 B2 U2 R D' U2 L2 F' D' B U B' L;2019-03-21 22:57:33;28.21
709;36.97;;D2 R' L2 U2 F D2 B2 F D2 F L2 B' L D' B L2 U' L' F';2019-03-21 22:59:35;36.97
710;34.31;;U D2 B2 L' F2 L' D2 L2 B2 R' B2 D R2 B2 L' F' U2 L2 F2;2019-03-21 23:01:49;34.31
711;32.08;;D L' D2 B2 L R2 F2 R' U2 R U' L' F' L' F2 D2 B D2;2019-03-21 23:02:47;32.08
712;31.15;;U2 R U' F2 L2 R2 D R2 D B2 F2 D2 F2 L2 R' B F2 L2 U B2 F';2019-03-21 23:03:45;31.15
713;32.81;;D2 R2 B2 D F2 D2 U R2 U L2 B2 U2 L B' F' D2 L U' L2 D2 F';2019-03-22 17:32:04;32.81
714;34.18;;R2 B2 D R2 D' L2 D L2 B2 D2 R2 U' L' U' B2 F' L' F R2 U' F';2019-03-22 17:33:05;34.18
715;30.20;;R2 D' R' F2 R2 B2 D' R2 B2 D U R2 U' R' U2 B' F L2 R' D2;2019-03-22 17:34:10;30.20
716;28.69;;D2 U2 L2 F2 R D2 U2 R D2 L' F2 B L' B2 F2 D' L' U2 B' L;2019-03-22 17:35:12;28.69
717;28.59;;D F' U2 D2 F' U2 R L' U F' L2 D2 R2 B U2 D2 B' L2 B;2019-03-22 17:36:16;28.59
718;35.88;;L2 F U' D2 L D2 L2 B' R B R2 F' L2 F L2 D2 L2 D2 B L2 B;2019-03-22 17:40:06;35.88
719;31.21;;L' U F2 D2 B' U2 L2 F' U2 F L2 F' L' F2 L' F U' R2 F;2019-03-22 17:41:32;31.21
720;32.83;;U' F2 L' B2 L D2 R F2 R2 F2 D2 R B2 U L2 F' R' D U' R';2019-03-22 17:46:14;32.83
721;30.29;;R' B' F2 D B2 U' L2 B2 U' B2 D F2 R2 F' L2 F L B2 D L2 U;2019-03-22 17:47:35;30.29
722;34.43;;U F' D2 F' D' L2 B2 R D2 B' U2 B L2 B' U2 B2 R2 L2 U2;2019-03-22 17:48:46;34.43
723;29.31;;F U R' F' B' L' F' B L R2 D' R2 B2 U' R2 F2 U' B2 U R2 D';2019-03-22 17:49:52;29.31
724;28.95;;D F' R2 U F2 U' L R2 D' F2 D2 F2 U B2 D F2 R2 U' L' F;2019-03-22 17:51:03;28.95
725;39.42;;L F2 L2 D2 L' F2 U2 L' D2 F2 R' F R2 D' U2 L2 U R D U R';2019-03-22 17:52:16;39.42
726;35.84;;F2 U B L2 D2 L2 U F2 D F2 U' F2 R' F' D' L D R2 U;2019-03-22 17:54:15;35.84
727;33.37;;F D' L2 F' R2 F2 U2 L2 D2 U2 B' D2 U' R B' U2 L R2 B2 D2;2019-03-22 17:56:46;33.37
728;28.44;;F' R2 D' F2 R2 F2 R D2 U2 B2 R' D2 B2 L' B' R2 F' U' L2 F' D2;2019-03-22 17:57:50;28.44
729;26.93;;U2 R' L B D R2 F' B2 L' U2 L U2 D2 L' B2 R D2 L' D' L;2019-03-22 17:58:59;26.93
730;31.35;;D2 B2 D2 L D2 L' B2 U2 L2 F2 R U F R2 F2 D U' F L' U';2019-03-22 18:01:15;31.35
731;37.46;;U B L' U B' R2 F L' U2 B' U2 F' L2 B2 U2 L2 B' L2 F L2;2019-03-22 18:02:19;37.46
732;32.60;;D L2 B2 D' R2 U2 B2 L2 F2 R2 D' L2 F D' L' F' D U2 L2 B' R';2019-03-22 20:52:08;32.60
733;31.51;;D' B' U2 R D2 B D L' U2 B D2 R2 B' R2 F R2 L2 B' U;2019-03-23 16:24:34;31.51
734;31.62;;U2 R2 D' F2 U2 F2 D' B2 U R2 B2 L2 R' B2 D2 F' L U B' R';2019-03-23 21:11:43;31.62
735;35.73;;D2 R2 D B2 D L2 D R2 U' L2 R2 F2 R B' D R' D2 F2 D' L2;2019-03-23 21:12:39;35.73
736;30.47;;F D' U2 R' D2 L U2 L2 F2 R D2 B2 U2 D F' U L' D L' B2;2019-03-23 21:13:40;30.47
737;28.18;;U2 F D2 L2 U2 F2 R2 F2 U' L2 R2 B2 U L' U2 R2 F2 D' F2 R2;2019-03-23 21:15:53;28.18
738;35.30;;B R2 U2 D F' R U' B U R2 F2 D F2 B2 U' B2 U' D2 R' F';2019-03-23 21:16:47;35.30
739;33.76;;L2 B D2 F2 L2 D' B2 L D' R2 L2 B L2 B U2 L2 U2 F2 R2 F;2019-03-23 21:18:47;33.76
740;37.91;;R' U F' R2 U' R B' U' R2 D' R2 L2 F2 U' L2 F2 B2 L B';2019-03-23 21:19:49;37.91
741;26.01;;D L' B L2 F U2 L2 F2 U2 B' D2 R2 B2 D2 R U2 F' D' R2 D' R2;2019-03-23 21:20:54;26.01
742;28.86;;R2 F2 U' F2 D' R2 F2 U R2 U R2 U L U R D' F' R D2 U2 R2;2019-03-23 21:21:50;28.86
743;33.70;;D B2 D2 L' U2 R U2 L' F2 U2 L' F2 R F' R' B' U' L B' F2 L';2019-03-23 21:22:58;33.70
744;35.21;;U' B2 L2 R2 D B2 U' R2 F2 U2 R2 B2 L D2 F' R B D R2 F' L';2019-03-23 21:24:03;35.21
745;27.97;;D2 F2 L U R B' L' U F2 B2 U2 B2 U' L2 U' F2 B2 U' R B2;2019-03-23 21:25:14;27.97
746;34.35;;D F B' U F2 U R2 D R' F' R2 B U2 R2 B2 R2 B' L2 F D2;2019-03-23 21:26:18;34.35
747;30.58;;D' F2 R F2 L' U' B R L2 B R2 U2 F' L2 U2 F' D2 B2 D2 L;2019-03-23 21:27:19;30.58
748;39.02;;F D2 L2 F D L B R2 U L U2 F2 B2 D2 R U2 R B2 R' L' U2;2019-03-23 21:28:20;39.02
749;23.05;;U B L2 F L2 F L2 F U2 F2 D2 L2 F2 D' R F2 L' B' D2 R U;2019-03-23 21:29:26;23.05
750;35.77;;U' B' U2 B2 U F2 R2 U' L2 R2 D L2 D R' F' R' B' L' D F2 R';2019-03-23 21:30:51;35.77
751;28.09;;L2 D2 B2 D' B2 U B2 D' R2 U' B2 U' F' D B D L' U2 R' D' F;2019-03-23 21:35:40;28.09
752;33.73;;D' L' U R2 F2 U' R2 U' L2 U2 L2 U R U B D L' U' B2 L';2019-03-23 21:36:37;33.73
753;30.52;;U' R2 F2 R2 B' U2 F D2 B2 U2 L2 U2 R B2 F D' U' F' U2 R B;2019-03-23 21:40:26;30.52
754;30.79;;R' F2 U2 F' D2 F' U2 B2 F' L2 F2 D2 U' L B2 U B2 R' D' B L;2019-03-23 21:41:24;30.79
755;30.87;;D2 F' D L2 F2 B' D' L' U2 R2 D R2 D B2 R2 D' B2 L2 D2;2019-03-23 21:43:30;30.87
756;32.42;;B2 R2 U2 R2 U2 F2 D F2 U L' F' R D2 B2 L R2 U2 B L';2019-03-23 21:44:36;32.42
757;37.03;;D2 B2 D2 B2 R2 F2 U F2 L2 F2 U2 L' F' R2 U L D2 F2 L' F2;2019-03-23 21:46:20;37.03
758;31.41;;F2 L2 D2 U R2 F2 D2 R2 B2 F2 R B D' B2 L' F2 D' L2 B2 F';2019-03-23 21:47:41;31.41
759;31.91;;U2 R U F D2 B2 L2 R2 D2 U2 F D2 B' L U B' F' R D' U';2019-03-23 21:48:40;31.91
760;36.15;;F2 R' F' L2 F2 L2 F2 D B2 D R2 B2 D' L2 B' R' D' U' L R B;2019-03-23 21:49:55;36.15
761;35.66;;B2 D L' U B' U' L' U2 F' R' F2 B2 R B2 U2 L U2 L' D2 R B2;2019-03-23 21:50:58;35.66
762;29.80;;U B2 L2 B2 F2 U2 R2 D L2 F2 R2 F2 L' U B R' D B2 D R';2019-03-23 21:52:26;29.80
763;35.66;;D' B2 R2 D' F2 L2 R2 D' F2 R2 U' B F U L B' D2 F2 U F';2019-03-23 21:53:36;35.66
764;24.39;;F L U2 R U2 R' D2 B2 D2 U2 L2 D2 L D B' F2 D B R U B;2019-03-23 21:54:45;24.39
765;31.26;;D' L2 U2 R2 B2 R2 U F2 D' U' R' D2 L F' D' L' B' U2 B2 L';2019-03-23 21:56:24;31.26
766;34.81;;R2 D F2 U F2 U L2 R2 D' F2 R2 B R B D' F D' B R F R;2019-03-23 21:57:22;34.81
767;33.56;;L2 F2 U B2 D' B2 R2 U F2 D' R2 L F' D R U2 L U2 B L2 U;2019-03-24 21:05:44;33.56
768;32.35;;D2 U2 L' U2 L2 D2 L F2 U2 L U2 B' U' F D U2 F L' U2 B' L2;2019-03-24 21:07:15;32.35
769;31.44;;D2 L' D2 F L2 U R B R D2 F2 R F2 B2 R' F2 U2 R2 F2 R';2019-03-24 21:08:21;31.44
770;32.56;;L U' L' F2 R2 L' U' D2 L B' R2 F2 B' U2 F' U2 L2 D2;2019-03-24 21:09:49;32.56
771;31.95;;R2 D R2 B2 D2 R2 D F2 D' B2 R D L R F2 U R2 B' R2 B';2019-03-24 21:12:21;31.95
772;35.80;;F D' F' L D F R' U2 R U L2 B2 U' L2 F2 U' F2 D2 B2 R2;2019-03-24 21:13:24;35.80